y,collegeDegree,female,age,homeOwn,govt,length,id,aboveav
Fairly High,1,0,49,Yes,No,58.400001525878906,1,1
Average,0,1,35,Yes,No,46.150001525878906,2,0
Very High,0,1,57,Yes,No,89.5199966430664,3,1
Average,0,0,63,Yes,No,92.62999725341797,4,0
Fairly High,1,1,40,Yes,No,58.849998474121094,4,1
Average,0,0,77,Yes,No,53.81999969482422,4,0
Average,0,0,43,Yes,No,58.470001220703125,5,0
Fairly High,1,1,47,Yes,No,53.02000045776367,5,1
Average,1,1,26,Yes,No,58.97999954223633,5,0
Very High,0,1,48,No,Yes,86,6,1
Average,0,1,41,Yes,No,52.93000030517578,7,0
Fairly High,0,0,41,Yes,No,48.20000076293945,7,1
Fairly High,0,0,37,No,No,91,8,1
Average,0,1,18,Yes,No,53.25,8,0
Fairly High,0,1,70,Yes,No,135.47000122070312,8,1
Fairly High,0,0,31,Yes,No,73.37999725341797,8,1
Average,0,1,18,Yes,No,66.7699966430664,9,0
Fairly Low,0,1,22,No,No,47.970001220703125,9,0
Very Low,0,1,60,No,Yes,77.05000305175781,9,0
Fairly High,1,1,44,Yes,No,53.56999969482422,9,1
Very Low,0,0,72,Yes,No,69.06999969482422,10,0
Fairly Low,0,1,43,Yes,No,44.599998474121094,10,0
Fairly High,0,1,57,No,No,88.970001220703125,10,1
Average,1,0,43,Yes,No,74.4800033569336,10,0
Average,0,1,63,No,No,77.220001220703125,10,0
Fairly Low,0,1,40,No,No,49.68000030517578,10,0
Very High,1,1,44,Yes,No,48.5,11,1
Average,0,0,29,No,No,67.4800033569336,11,0
Average,0,0,63,Yes,No,45.22999954223633,11,0
Fairly High,0,1,19,No,No,57.650001525878906,11,1
Fairly High,0,1,57,Yes,No,56.880001068115234,11,1
Average,0,1,78,Yes,No,92.68000030517578,11,0
Average,0,1,39,Yes,No,120.16999816894531,11,0
Fairly High,0,0,68,Yes,No,79.5999984741211,8,1
Average,1,0,35,No,No,58.900001525878906,12,0
Average,0,1,22,No,No,46.630001068115234,13,0
Average,0,1,76,Yes,No,76.029998779296875,11,0
Average,1,1,32,Yes,No,73,11,0
Fairly Low,0,0,53,Yes,No,52.58000183105469,11,0
Average,0,1,59,No,No,183.10000610351562,14,0
Fairly High,1,0,62,Yes,No,NA,14,1
Average,1,1,30,Yes,No,87.16999816894531,15,0
Fairly High,0,1,67,Yes,No,62.779998779296875,15,1
Fairly High,0,1,43,Yes,Yes,67.5,15,1
Average,0,1,34,No,Yes,77.81999969482422,15,0
Very High,1,1,69,Yes,No,64.44999694824219,15,1
Fairly Low,0,1,28,No,No,51.130001068115234,12,0
Fairly Low,0,1,19,No,No,52.22999954223633,12,0
Average,0,1,23,No,No,50.58000183105469,10,0
Fairly Low,1,1,30,Yes,No,63.650001525878906,10,0
Fairly High,0,0,37,Yes,No,63.099998474121094,12,1
Average,1,0,29,Yes,No,61.72999954223633,12,0
Fairly High,1,0,47,Yes,No,92.68000030517578,16,1
Very High,0,1,67,No,No,61.869998931884766,17,1
Very High,1,1,NA,Yes,No,62.25,17,1
Average,0,0,50,Yes,No,83.31999969482422,17,0
Average,0,0,37,Yes,No,81.9000015258789,17,0
Fairly High,0,1,45,No,No,90.12000274658203,17,1
Fairly Low,0,1,51,No,No,58.75,17,0
Fairly Low,1,1,59,Yes,No,52.130001068115234,17,0
Average,0,0,34,Yes,No,57.31999969482422,18,0
Average,0,1,45,Yes,No,56.75,18,0
Fairly Low,0,1,43,Yes,No,59.29999923706055,18,0
Average,0,1,56,Yes,No,85.6500015258789,16,0
Very High,0,1,71,Yes,No,82.6500015258789,19,1
Very High,0,1,60,No,No,109.97000122070312,19,1
Average,0,1,52,Yes,No,60.70000076293945,20,0
Fairly Low,1,1,36,Yes,No,60.43000030517578,21,0
Fairly Low,0,1,58,Yes,No,72.529998779296875,21,0
Fairly High,1,1,38,Yes,No,54.31999969482422,22,1
Average,1,1,58,Yes,No,74.6500015258789,22,0
Fairly Low,0,0,30,No,No,58.95000076293945,2,0
Average,0,1,37,Yes,No,44.75,2,0
Fairly High,1,0,46,Yes,No,54.5,23,1
Very High,0,0,54,Yes,No,59.79999923706055,24,1
Very High,1,1,50,Yes,No,104.47000122070312,24,1
Average,0,1,84,Yes,No,59.06999969482422,24,0
Average,0,1,34,No,Yes,42.630001068115234,25,0
Fairly High,0,0,47,Yes,No,57.72999954223633,2,1
Fairly High,0,1,26,No,No,45.970001220703125,2,1
Average,1,1,40,Yes,No,56.16999816894531,25,0
Very Low,0,1,48,No,No,44.27000045776367,22,0
Average,0,1,24,Yes,No,55.56999969482422,22,0
Very Low,0,1,68,No,No,24.700000762939453,22,0
Average,1,1,37,Yes,No,NA,14,0
Average,0,1,34,Yes,No,234.47000122070312,14,0
Average,1,1,64,Yes,No,74.470001220703125,8,0
Average,0,1,34,Yes,No,76.91999816894531,11,0
Fairly High,0,0,45,Yes,No,74.33000183105469,18,1
Average,0,1,82,No,No,86.69999694824219,12,0
Fairly Low,0,1,38,No,No,46.06999969482422,8,0
Fairly High,0,0,56,No,No,50.77000045776367,8,1
Fairly High,1,0,25,Yes,No,53.97999954223633,8,1
Average,0,1,47,Yes,No,68.779998779296875,8,0
Average,0,0,57,Yes,No,44.150001525878906,23,0
Fairly High,0,1,76,No,No,43.880001068115234,23,1
Very High,1,0,49,Yes,No,65.12999725341797,23,1
Fairly Low,0,0,37,Yes,No,34.41999816894531,23,0
Very Low,0,1,35,Yes,No,49.099998474121094,23,0
Fairly Low,0,1,45,No,No,33.779998779296875,23,0
Average,0,1,51,Yes,No,54.95000076293945,23,0
Fairly High,1,0,78,Yes,No,73.58000183105469,5,1
Average,1,1,42,Yes,No,95.93000030517578,16,0
Very High,1,0,53,Yes,No,52.529998779296875,5,1
Average,0,1,51,Yes,No,53.869998931884766,5,0
Average,1,1,35,Yes,No,47.58000183105469,5,0
Fairly Low,1,0,42,No,No,69.220001220703125,5,0
Very High,1,0,36,No,Yes,67.05000305175781,5,1
Average,1,0,48,Yes,No,54.619998931884766,5,0
Very High,0,1,66,No,No,76.12000274658203,6,1
Very Low,0,1,30,No,No,47.83000183105469,6,0
Very High,1,1,40,Yes,No,124.91999816894531,6,1
Fairly Low,0,0,33,Yes,No,57.16999816894531,26,0
Fairly High,0,0,33,No,No,52.33000183105469,26,1
Very High,1,1,29,No,Yes,61.72999954223633,26,1
Fairly Low,0,1,20,Yes,No,54.16999816894531,26,0
Average,0,1,70,Yes,No,74.5,6,0
Very High,0,0,66,Yes,No,53,6,1
Very High,1,1,61,Yes,No,69.2699966430664,6,1
Fairly Low,0,1,74,Yes,No,77.7300033569336,6,0
Very High,1,1,65,No,No,75.44999694824219,6,1
Very High,1,1,55,No,Yes,51.56999969482422,6,1
Fairly High,1,0,31,Yes,No,60.68000030517578,27,1
Average,1,1,62,Yes,No,49.97999954223633,27,0
Very High,0,0,45,Yes,No,52.619998931884766,27,1
Fairly High,1,0,74,Yes,No,82.58000183105469,27,1
Very High,0,1,51,Yes,No,69.7699966430664,27,1
Fairly Low,0,1,60,Yes,No,46.47999954223633,26,0
Very High,0,0,65,Yes,No,50.45000076293945,28,1
Very High,1,0,59,Yes,No,50.279998779296875,28,1
Fairly Low,0,1,30,Yes,No,18.520000457763672,28,0
Very High,1,1,37,Yes,No,65.62000274658203,26,1
Average,1,1,70,Yes,No,56.279998779296875,28,0
Fairly Low,0,1,82,No,No,44.16999816894531,28,0
Fairly High,1,0,35,Yes,No,88.5,18,1
Fairly Low,0,0,61,Yes,No,62.43000030517578,29,0
Very High,0,0,57,Yes,No,74.18000030517578,18,1
Fairly Low,0,1,57,No,No,50.58000183105469,30,0
Average,1,0,41,Yes,No,42.41999816894531,9,0
Fairly High,0,1,56,Yes,Yes,48.619998931884766,30,1
Average,1,0,81,Yes,No,60.29999923706055,30,0
Average,1,1,35,Yes,No,77.30000305175781,14,0
Fairly High,1,0,55,Yes,No,108.5199966430664,14,1
Fairly High,1,1,33,No,No,90.720001220703125,14,1
Fairly Low,0,1,22,No,No,92.5999984741211,14,0
Average,0,0,24,No,Yes,89.81999969482422,14,0
Fairly High,0,1,78,Yes,No,61.77000045776367,31,1
Fairly High,1,0,47,No,Yes,61.75,9,1
Average,1,0,65,No,No,93.970001220703125,9,0
Average,1,1,79,Yes,No,76.18000030517578,9,0
Average,1,1,77,Yes,No,51.16999816894531,9,0
Fairly High,0,1,73,Yes,No,60.349998474121094,31,1
Fairly Low,1,1,44,Yes,Yes,44.22999954223633,32,0
Fairly Low,0,1,74,Yes,No,60.54999923706055,2,0
Average,0,1,88,Yes,No,58.779998779296875,2,0
Average,0,1,29,No,No,73.4800033569336,2,0
Average,1,1,21,Yes,Yes,53.58000183105469,33,0
Fairly Low,0,1,76,Yes,No,53.08000183105469,32,0
Fairly High,1,0,47,Yes,No,61.77000045776367,32,1
Very Low,0,1,53,Yes,No,46.79999923706055,32,0
Fairly Low,0,0,55,Yes,Yes,44.41999816894531,32,0
Fairly Low,1,1,45,No,Yes,59.130001068115234,23,0
Fairly Low,1,1,50,Yes,No,44.970001220703125,23,0
Average,0,0,37,Yes,No,49.04999923706055,23,0
Very Low,0,1,73,No,No,36.41999816894531,23,0
Very High,1,1,51,Yes,No,66.8499984741211,33,1
Average,0,1,46,Yes,No,81.8499984741211,33,0
Fairly Low,0,0,35,Yes,No,75.91999816894531,33,0
Fairly High,0,1,36,Yes,Yes,53.720001220703125,33,1
Fairly Low,0,0,65,Yes,No,92.75,3,0
Very High,1,0,45,No,No,76.30000305175781,3,1
Average,0,0,27,Yes,No,54.58000183105469,3,0
Very High,1,1,45,No,No,74.529998779296875,3,1
Average,0,0,32,Yes,Yes,48.970001220703125,5,0
Fairly Low,1,0,67,Yes,No,53.41999816894531,5,0
Fairly Low,0,1,56,Yes,No,47.04999923706055,5,0
Fairly High,1,1,42,Yes,No,54.220001220703125,9,1
Fairly Low,0,0,39,No,No,80.62999725341797,9,0
Average,1,1,66,Yes,No,54.849998474121094,9,0
Very High,1,1,68,Yes,No,126.47000122070312,11,1
Very High,1,1,46,Yes,No,51.72999954223633,11,1
Fairly High,1,0,63,Yes,No,83.62000274658203,9,1
Average,0,1,46,Yes,No,46.5,5,0
Very High,0,0,40,Yes,No,72.279998779296875,5,1
Fairly Low,0,1,59,Yes,No,47.150001525878906,5,0
Fairly High,1,1,41,Yes,No,69.7699966430664,5,1
Average,0,0,32,Yes,No,72.55000305175781,29,0
Fairly High,1,0,54,Yes,No,70.12000274658203,29,1
Average,1,0,30,Yes,Yes,57.130001068115234,29,0
Average,0,1,62,Yes,No,45.54999923706055,34,0
Fairly High,1,0,53,Yes,No,53.369998931884766,28,1
Very High,0,1,56,Yes,No,53.630001068115234,28,1
Very High,1,1,38,Yes,Yes,59.380001068115234,28,1
Average,0,1,70,Yes,No,53.81999969482422,28,0
Average,1,1,40,No,No,186.22000122070312,14,0
Average,1,1,52,Yes,No,95.5199966430664,9,0
Fairly High,0,1,72,No,No,91.68000030517578,9,1
Fairly High,1,0,31,No,Yes,92.08000183105469,9,1
Average,0,1,37,Yes,No,54.369998931884766,9,0
Average,1,1,32,No,No,59.95000076293945,9,0
Average,1,0,36,Yes,No,64.66999816894531,9,0
Fairly High,1,0,47,Yes,No,43.83000183105469,35,1
Fairly High,0,0,57,Yes,No,60.97999954223633,35,1
Fairly High,1,1,32,No,No,59.66999816894531,29,1
Fairly Low,0,1,72,No,No,61.66999816894531,29,0
Average,0,1,61,No,No,62.380001068115234,29,0
Average,0,0,43,Yes,No,58.52000045776367,29,0
Very High,1,0,70,Yes,No,70.3499984741211,29,1
Average,0,1,54,Yes,No,102.12000274658203,17,0
Very High,1,0,46,No,No,55.29999923706055,17,1
Fairly Low,0,1,66,No,No,72.37999725341797,12,0
Fairly High,1,0,62,Yes,No,61.91999816894531,12,1
Fairly High,0,0,34,Yes,No,83.75,12,1
Fairly High,0,1,67,Yes,No,79.44999694824219,17,1
Fairly Low,0,1,30,Yes,No,60.880001068115234,10,0
Fairly Low,0,0,26,No,Yes,53.04999923706055,13,0
Average,1,0,62,Yes,No,70.12000274658203,10,0
Average,0,0,28,No,No,73.9000015258789,14,0
Fairly High,1,1,65,Yes,No,83.06999969482422,14,1
Average,0,1,84,No,No,116.94999694824219,14,0
Fairly High,1,0,35,Yes,Yes,75.3499984741211,14,1
Fairly Low,0,1,51,Yes,Yes,56.43000030517578,33,0
Fairly High,0,0,31,Yes,No,51.900001525878906,33,1
Average,0,0,54,No,No,77.19999694824219,33,0
Average,1,0,28,Yes,No,75.33000183105469,30,0
Fairly Low,0,1,82,Yes,No,47.04999923706055,23,0
Average,0,0,50,Yes,Yes,52.279998779296875,23,0
Fairly High,0,1,75,Yes,No,47.529998779296875,23,1
Average,0,1,90,No,No,214.8800048828125,10,0
Average,0,1,51,No,No,83.0199966430664,10,0
Average,1,1,50,Yes,Yes,53.869998931884766,25,0
Average,0,1,42,Yes,No,81.720001220703125,21,0
Average,0,1,55,Yes,No,62.220001220703125,21,0
Fairly Low,0,0,30,Yes,No,66.529998779296875,21,0
Fairly High,0,1,50,Yes,No,55.849998474121094,25,1
Average,0,1,41,Yes,No,69.7300033569336,23,0
Fairly Low,1,1,29,Yes,No,45.369998931884766,23,0
Fairly High,0,1,60,Yes,No,66.7699966430664,26,1
Average,0,1,84,No,No,54.06999969482422,26,0
Fairly High,0,1,59,Yes,No,92.44999694824219,28,1
Average,0,1,42,No,No,50.650001525878906,27,0
Average,0,0,55,No,No,54.81999969482422,27,0
Fairly High,1,1,30,Yes,No,70.81999969482422,4,1
Very High,0,0,79,Yes,No,169.6999969482422,5,1
Fairly High,1,1,59,Yes,No,68.44999694824219,5,1
Fairly Low,0,0,35,Yes,No,55.150001525878906,23,0
Fairly Low,0,1,24,No,No,47.25,23,0
Fairly High,0,0,46,Yes,No,47.52000045776367,23,1
Fairly High,1,0,56,Yes,No,50.08000183105469,29,1
Very High,1,0,64,No,No,77.69999694824219,29,1
Fairly Low,0,0,25,No,No,40.91999816894531,29,0
Fairly Low,0,1,50,Yes,No,54.529998779296875,29,0
Fairly High,0,0,70,Yes,No,54.470001220703125,29,1
Fairly Low,0,1,66,Yes,No,66.529998779296875,23,0
Average,0,1,53,Yes,No,65.37999725341797,23,0
Fairly Low,0,0,42,No,No,46.41999816894531,23,0
Average,0,0,78,Yes,No,60.29999923706055,23,0
Average,1,1,40,No,No,49.06999969482422,23,0
Very High,1,1,27,Yes,Yes,60.630001068115234,33,1
Average,0,1,89,Yes,No,68.44999694824219,33,0
Fairly High,0,0,30,No,No,68.69999694824219,23,1
Fairly High,1,1,41,Yes,No,42.119998931884766,35,1
Average,0,1,74,Yes,No,87.2699966430664,29,0
Fairly Low,0,1,53,Yes,No,67.81999969482422,30,0
Average,0,1,24,Yes,No,58.22999954223633,29,0
Fairly High,1,0,43,Yes,Yes,74.4800033569336,9,1
Average,0,0,22,No,No,72.0199966430664,9,0
Average,1,1,57,No,No,73.25,9,0
Average,0,1,36,No,No,59.93000030517578,35,0
Average,0,1,44,Yes,No,72.83000183105469,9,0
Average,0,0,36,Yes,No,45.52000045776367,35,0
Average,0,1,49,No,No,55.220001220703125,35,0
Fairly High,1,1,34,Yes,Yes,50.41999816894531,35,1
Very High,1,1,34,Yes,No,63.900001525878906,35,1
Average,0,1,51,Yes,No,49.650001525878906,35,0
Fairly Low,0,1,35,Yes,No,43.47999954223633,35,0
Very Low,0,0,67,No,No,54.779998779296875,35,0
Very High,1,0,57,Yes,No,44.04999923706055,35,1
Fairly High,1,1,75,Yes,No,62.93000030517578,4,1
Average,0,0,24,Yes,No,36.95000076293945,35,0
Very High,0,0,64,Yes,No,106.0999984741211,13,1
Very High,0,1,38,Yes,No,65.41999816894531,13,1
Fairly Low,0,1,82,No,No,65.41999816894531,13,0
Average,0,1,71,Yes,No,63.349998474121094,35,0
Fairly High,1,0,35,Yes,No,64.62999725341797,9,1
Fairly High,1,0,58,Yes,No,66.12999725341797,9,1
Fairly Low,0,1,27,Yes,No,51.27000045776367,9,0
Average,0,1,43,Yes,No,65.94999694824219,9,0
Very High,1,0,55,Yes,No,72.470001220703125,16,1
Average,0,1,59,Yes,No,73.779998779296875,16,0
Average,0,1,84,No,No,79.69999694824219,30,0
Very High,0,0,43,Yes,No,55.02000045776367,30,1
Average,0,1,24,Yes,Yes,58.16999816894531,30,0
Average,0,1,43,Yes,No,83.0199966430664,9,0
Very High,0,0,51,Yes,No,70.44999694824219,8,1
Fairly High,1,0,74,Yes,No,85.25,8,1
Fairly Low,0,0,18,Yes,No,69.33000183105469,14,0
Average,1,0,40,Yes,No,49.099998474121094,23,0
Fairly Low,0,0,39,Yes,No,46.70000076293945,23,0
Fairly Low,0,1,45,Yes,No,61.279998779296875,23,0
Fairly Low,0,1,48,Yes,No,43.119998931884766,7,0
Fairly High,1,0,39,Yes,No,68.1500015258789,33,1
Fairly High,0,1,61,Yes,No,81.2300033569336,3,1
Very High,1,1,63,Yes,No,81.2300033569336,3,1
Average,1,1,58,Yes,No,81.8499984741211,3,0
Fairly High,1,0,31,Yes,No,62.220001220703125,5,1
Average,0,0,61,Yes,No,78.4000015258789,6,0
Very High,0,1,58,Yes,No,69.31999969482422,36,1
Very High,1,1,51,No,No,117,6,1
Fairly Low,0,1,57,Yes,No,61.970001220703125,28,0
Fairly Low,0,1,34,No,No,74.56999969482422,28,0
Average,0,1,74,No,No,102.97000122070312,6,0
Fairly Low,0,1,84,No,No,53.52000045776367,6,0
Very High,0,1,80,Yes,No,54.54999923706055,28,1
Average,0,1,46,Yes,No,55.27000045776367,7,0
Average,1,1,82,Yes,No,72.80000305175781,7,0
Fairly Low,0,1,57,No,No,32.099998474121094,34,0
Average,0,1,66,Yes,No,67.87999725341797,32,0
Fairly High,0,0,82,Yes,No,71.06999969482422,25,1
Fairly Low,0,1,44,Yes,No,69.12999725341797,33,0
Fairly High,0,0,72,Yes,No,96.029998779296875,33,1
Fairly High,1,1,72,Yes,No,87.470001220703125,33,1
Average,0,1,70,Yes,No,94.33000183105469,37,0
Very High,1,1,51,Yes,No,79.220001220703125,32,1
Average,1,0,26,No,No,53.02000045776367,32,0
Fairly High,0,1,33,No,No,72,32,1
Average,1,1,32,Yes,No,44.400001525878906,32,0
Fairly High,1,1,NA,Yes,No,118.05000305175781,21,1
Average,0,1,58,No,No,61.349998474121094,21,0
Average,1,1,37,No,Yes,64.4000015258789,33,0
Very High,1,1,55,Yes,No,77.56999969482422,33,1
Very High,1,0,54,Yes,No,109.30000305175781,33,1
Very High,0,0,22,Yes,Yes,94.2300033569336,11,1
Fairly High,1,0,49,No,No,61.349998474121094,11,1
Fairly Low,0,1,32,Yes,No,52.970001220703125,11,0
Very High,0,0,63,Yes,No,70.06999969482422,11,1
Very Low,0,0,63,Yes,No,48.47999954223633,29,0
Average,0,1,72,No,No,56.02000045776367,29,0
Average,1,0,49,Yes,No,53.400001525878906,29,0
Average,0,0,51,No,No,71.69999694824219,29,0
Average,0,1,24,No,No,81.970001220703125,14,0
Very High,1,1,33,No,No,38.58000183105469,38,1
Fairly Low,0,0,20,Yes,No,65.12999725341797,39,0
Fairly High,1,1,53,Yes,No,67.9800033569336,39,1
Fairly Low,1,0,49,Yes,No,69.6500015258789,39,0
Fairly Low,0,0,52,No,No,73.470001220703125,40,0
Fairly High,1,0,41,Yes,No,93.9000015258789,40,1
Very High,1,0,54,Yes,Yes,71,40,1
Very High,0,1,26,No,No,43.22999954223633,38,1
Fairly Low,0,0,59,Yes,No,71.43000030517578,41,0
Fairly High,1,1,70,Yes,No,83.41999816894531,42,1
Fairly High,1,0,43,Yes,No,57.880001068115234,42,1
Fairly High,1,0,51,Yes,No,52.33000183105469,42,1
Average,0,1,25,No,No,66.720001220703125,43,0
Average,0,0,41,Yes,No,64.2300033569336,43,0
Very High,0,0,22,Yes,No,41.91999816894531,38,1
Average,1,1,39,No,No,58.599998474121094,44,0
Fairly High,0,0,82,Yes,No,66.33000183105469,44,1
Fairly Low,0,1,48,Yes,No,49.119998931884766,45,0
Average,0,0,48,Yes,No,87.19999694824219,46,0
Fairly Low,0,0,65,Yes,No,59.970001220703125,46,0
Average,1,1,46,No,No,46.599998474121094,46,0
Average,0,0,58,Yes,No,54.52000045776367,46,0
Fairly High,1,0,37,Yes,No,44.22999954223633,47,1
Fairly Low,0,1,61,Yes,No,69.720001220703125,47,0
Average,1,1,23,Yes,Yes,52.369998931884766,47,0
Fairly Low,0,1,69,Yes,No,67.8499984741211,39,0
Average,0,1,58,No,No,94.58000183105469,48,0
Fairly High,0,1,18,Yes,No,69.8499984741211,49,1
Fairly High,1,1,79,Yes,No,66.4800033569336,50,1
Fairly Low,0,1,64,No,No,124.8499984741211,49,0
Average,0,1,75,Yes,No,76.779998779296875,51,0
Very High,1,1,34,No,No,64.18000030517578,52,1
Average,0,1,41,No,Yes,55.83000183105469,52,0
Average,1,1,25,No,No,58.18000030517578,52,0
Fairly High,1,1,27,No,No,55.779998779296875,1,1
Fairly Low,0,1,75,No,No,69.93000030517578,1,0
Fairly High,1,0,33,Yes,No,57.20000076293945,1,1
Fairly High,0,1,42,No,No,82.94999694824219,44,1
Very High,1,0,39,Yes,No,58.22999954223633,44,1
Very High,1,0,56,Yes,No,64.08000183105469,44,1
Fairly High,1,1,28,Yes,No,54.77000045776367,50,1
Fairly High,0,0,60,Yes,No,49.58000183105469,50,1
Fairly Low,1,1,34,Yes,No,50.97999954223633,50,0
Average,0,0,74,Yes,No,74.66999816894531,53,0
Average,0,0,47,No,No,58.380001068115234,53,0
Fairly Low,1,1,36,No,No,55.75,51,0
Very Low,0,1,25,No,No,63.91999816894531,51,0
Average,1,1,36,No,No,84.2300033569336,51,0
Fairly High,0,0,41,Yes,No,57.81999969482422,51,1
Fairly Low,0,1,24,No,No,49.33000183105469,51,0
Average,1,1,52,Yes,No,75.470001220703125,51,0
Fairly High,1,0,71,No,No,83,54,1
Fairly Low,0,1,63,No,No,73.0199966430664,54,0
Average,1,1,49,Yes,No,71.1500015258789,54,0
Very High,0,1,21,No,Yes,72.83000183105469,55,1
Fairly Low,0,1,20,No,No,64.58000183105469,55,0
Fairly Low,0,0,69,Yes,No,49.279998779296875,56,0
Very High,1,1,55,Yes,No,91.43000030517578,56,1
Very High,1,0,58,Yes,No,80.30000305175781,56,1
Fairly High,0,1,69,Yes,No,74.529998779296875,56,1
Fairly Low,0,1,60,Yes,No,50.970001220703125,56,0
Very High,0,1,65,Yes,No,58.97999954223633,57,1
Fairly Low,0,1,31,Yes,No,99.2300033569336,58,0
Fairly Low,0,0,43,Yes,No,88.25,58,0
Fairly High,0,1,47,Yes,Yes,112.56999969482422,58,1
Average,0,1,75,Yes,No,144.9199981689453,58,0
Average,0,1,26,No,No,47.91999816894531,59,0
Average,0,0,44,Yes,No,36.880001068115234,59,0
Fairly Low,0,0,51,Yes,No,47.349998474121094,59,0
Fairly High,0,1,83,Yes,No,59.31999969482422,59,1
Very High,1,0,43,Yes,Yes,68.87000274658203,59,1
Very High,0,1,47,Yes,No,51.33000183105469,59,1
Average,0,0,81,Yes,No,70.18000030517578,60,0
Very Low,0,1,76,Yes,No,57.33000183105469,60,0
Fairly High,1,1,26,Yes,No,106.37000274658203,60,1
Average,1,0,73,Yes,No,69.529998779296875,61,0
Very High,1,0,59,Yes,No,67.3499984741211,59,1
Average,1,1,62,No,No,53.33000183105469,62,0
Average,0,1,56,No,No,73.9000015258789,54,0
Average,1,1,41,No,No,55.900001525878906,54,0
Fairly High,0,1,68,No,No,82.2300033569336,63,1
Fairly Low,0,1,22,No,No,63.119998931884766,63,0
Fairly Low,0,0,23,No,No,57.04999923706055,62,0
Fairly Low,0,1,40,No,No,61.54999923706055,50,0
Fairly High,0,1,63,Yes,No,78.30000305175781,64,1
Very Low,0,1,61,No,No,66.87000274658203,65,0
Average,0,0,41,No,No,62.54999923706055,1,0
Fairly High,1,0,34,Yes,No,50.29999923706055,66,1
Fairly High,1,0,34,Yes,No,57.27000045776367,66,1
Fairly Low,1,1,40,Yes,Yes,52.470001220703125,61,0
Very High,1,1,30,Yes,No,70.029998779296875,61,1
Fairly High,1,1,68,Yes,No,67.9800033569336,61,1
Fairly High,0,0,32,No,No,93.56999969482422,39,1
Fairly Low,1,0,39,No,No,58.380001068115234,39,0
Fairly Low,0,1,51,Yes,No,85.08000183105469,39,0
Fairly Low,1,1,34,Yes,No,54.08000183105469,39,0
Average,0,0,45,Yes,No,67.529998779296875,39,0
Fairly High,0,0,64,Yes,No,73.69999694824219,55,1
Average,0,1,75,Yes,No,105.3499984741211,55,0
Fairly Low,0,0,76,Yes,No,87.66999816894531,55,0
Average,0,0,39,Yes,No,60.849998474121094,44,0
Average,1,1,32,Yes,No,62.95000076293945,44,0
Fairly Low,0,1,28,No,No,68.87999725341797,55,0
Fairly High,0,1,62,Yes,No,102.62999725341797,67,1
Fairly High,1,0,24,No,Yes,117.0999984741211,67,1
Fairly High,0,1,68,No,No,75.470001220703125,45,1
Average,0,0,63,Yes,No,57.72999954223633,68,0
Very Low,0,0,40,Yes,No,56.79999923706055,68,0
Fairly Low,0,0,45,No,No,62.93000030517578,44,0
Very Low,0,1,59,Yes,No,63.099998474121094,44,0
Average,1,1,40,Yes,No,74.62000274658203,69,0
Fairly High,1,0,52,Yes,Yes,82.75,69,1
Average,0,0,72,Yes,No,87.0999984741211,69,0
Very High,1,1,59,Yes,No,99.5199966430664,69,1
Very High,1,0,32,No,No,37.79999923706055,70,1
Average,1,1,57,Yes,No,89.1500015258789,71,0
Fairly Low,0,0,32,Yes,No,66.2699966430664,44,0
Fairly High,0,1,23,No,No,60.47999954223633,72,1
Very High,0,1,63,Yes,No,93.720001220703125,72,1
Very High,1,1,32,Yes,No,73.18000030517578,72,1
Average,0,1,68,Yes,No,72.5,67,0
Average,0,0,65,Yes,Yes,81.80000305175781,67,0
Fairly Low,0,1,78,Yes,No,67.56999969482422,67,0
Average,0,0,52,Yes,No,62.349998474121094,51,0
Fairly High,0,1,57,Yes,Yes,52.349998474121094,51,1
Average,0,1,72,Yes,No,106.37000274658203,55,0
Very High,1,0,23,No,No,73.56999969482422,55,1
Average,0,1,34,No,No,38.22999954223633,73,0
Average,0,1,23,No,No,40.02000045776367,73,0
Fairly High,1,0,42,Yes,Yes,44.91999816894531,73,1
Average,1,1,46,Yes,No,67.69999694824219,73,0
Very Low,0,0,23,No,No,76.56999969482422,74,0
Very High,1,0,35,No,No,56.93000030517578,74,1
Fairly Low,0,1,77,Yes,No,72.279998779296875,61,0
Average,0,1,36,No,No,66.87999725341797,61,0
Average,1,1,58,Yes,No,76,61,0
Average,0,1,69,Yes,No,94.529998779296875,71,0
Average,1,1,47,Yes,Yes,60.81999969482422,46,0
Average,0,0,51,Yes,No,76.12000274658203,46,0
Average,1,1,43,Yes,No,50.75,46,0
Average,0,1,21,No,No,84.7699966430664,75,0
Average,0,1,43,Yes,No,206.6699981689453,75,0
Average,0,1,26,No,No,56.66999816894531,75,0
Fairly Low,0,0,27,No,Yes,67.93000030517578,67,0
Fairly Low,0,1,35,No,No,87.4000015258789,48,0
Fairly High,1,0,52,No,Yes,81.1500015258789,48,1
Fairly Low,1,1,42,No,No,69.58000183105469,48,0
Fairly High,1,1,26,Yes,Yes,59.369998931884766,63,1
Fairly Low,0,0,30,Yes,No,88.5999984741211,63,0
Average,0,1,41,No,Yes,51.470001220703125,29,0
Fairly High,1,1,36,Yes,No,52.54999923706055,40,1
Very High,1,1,70,Yes,No,73.08000183105469,76,1
Fairly High,0,0,31,No,No,83.41999816894531,39,1
Fairly High,0,1,65,Yes,No,83.470001220703125,1,1
Fairly High,0,0,40,Yes,No,70.0199966430664,77,1
Fairly Low,0,1,50,Yes,Yes,60.380001068115234,47,0
Very Low,0,1,23,Yes,No,54.470001220703125,78,0
Very Low,0,0,43,No,No,58.25,47,0
Very High,1,1,56,Yes,No,56.27000045776367,79,1
Average,0,0,58,Yes,No,55.31999969482422,79,0
Average,0,1,46,Yes,No,56.29999923706055,79,0
Average,0,0,41,No,No,143.5,67,0
Fairly Low,1,0,89,Yes,No,79.529998779296875,48,0
Average,0,0,32,No,No,66.56999969482422,48,0
Fairly Low,1,1,63,No,No,79.279998779296875,48,0
Fairly Low,0,1,25,No,No,58.029998779296875,72,0
Average,1,1,65,No,No,100.47000122070312,67,0
Average,1,1,42,No,No,41.970001220703125,40,0
Average,0,0,27,No,No,61.150001525878906,40,0
Very Low,0,1,44,No,No,90,40,0
Average,1,0,40,Yes,Yes,55.58000183105469,80,0
Fairly High,0,1,75,Yes,No,68.55000305175781,80,1
Fairly Low,1,0,39,Yes,Yes,60.56999969482422,41,0
Average,0,0,67,Yes,No,53.54999923706055,41,0
Fairly High,1,1,34,No,No,56.08000183105469,54,1
Average,1,0,85,No,No,55.779998779296875,54,0
Average,0,1,58,No,No,62.720001220703125,52,0
Average,1,0,33,No,Yes,50.93000030517578,52,0
Very High,1,0,39,Yes,No,137.27000427246094,52,1
Fairly High,0,0,63,Yes,No,66.5199966430664,56,1
Average,1,0,25,No,No,55.66999816894531,54,0
Average,1,1,56,Yes,No,71.25,54,0
Average,1,1,32,No,No,72.25,54,0
Very Low,0,0,67,No,No,72.75,54,0
Average,1,0,40,Yes,No,70.06999969482422,1,0
Fairly Low,0,1,33,Yes,No,42.029998779296875,76,0
Fairly High,0,0,40,No,No,111.94999694824219,76,1
Fairly High,1,0,73,Yes,No,158.97999572753906,76,1
Average,0,1,35,No,Yes,82.31999969482422,76,0
Fairly High,1,0,73,Yes,No,106.33000183105469,76,1
Fairly High,0,1,61,Yes,No,65.7699966430664,76,1
Fairly Low,0,0,28,No,No,55.52000045776367,76,0
Average,0,1,50,Yes,No,165.8300018310547,76,0
Very High,1,1,42,No,No,142.67999267578125,76,1
Very High,1,0,43,Yes,No,68.68000030517578,80,1
Very High,1,0,55,Yes,No,91.7699966430664,67,1
Fairly High,1,1,36,Yes,Yes,77.33000183105469,81,1
Fairly High,1,1,30,Yes,No,55.22999954223633,81,1
Very Low,0,1,75,Yes,No,100.8499984741211,43,0
Average,0,0,71,Yes,No,90.1500015258789,81,0
Very High,1,1,38,Yes,No,68.43000030517578,81,1
Fairly High,1,1,44,Yes,No,100.05000305175781,81,1
Very High,1,1,54,Yes,No,167.02000427246094,57,1
Fairly Low,0,1,89,Yes,No,98.62000274658203,57,0
Fairly Low,0,1,82,Yes,No,22.030000686645508,57,0
Fairly Low,0,1,24,No,No,113.19999694824219,43,0
Average,0,1,19,Yes,No,86.66999816894531,43,0
Very High,1,0,49,Yes,No,73.37999725341797,43,1
Average,0,1,50,Yes,No,62.720001220703125,60,0
Fairly High,1,1,48,Yes,No,89.83000183105469,60,1
Fairly Low,0,0,29,No,No,56,60,0
Fairly High,1,1,51,No,No,88.279998779296875,60,1
Fairly High,1,0,37,No,No,108.02999877929688,82,1
Fairly High,0,1,21,No,No,67.18000030517578,82,1
Very High,1,0,56,Yes,No,124.37000274658203,82,1
Average,0,1,53,Yes,No,92.16999816894531,82,0
Fairly High,1,0,50,Yes,Yes,72.55000305175781,83,1
Fairly Low,0,1,39,Yes,No,77.56999969482422,1,0
Very Low,0,0,41,No,No,75.1500015258789,83,0
Fairly High,0,1,21,Yes,No,48.529998779296875,83,1
Fairly Low,0,1,21,No,No,52.630001068115234,33,0
Average,0,1,20,No,No,63.650001525878906,60,0
Average,0,0,36,No,No,44.45000076293945,60,0
Fairly High,0,1,54,Yes,No,124.37000274658203,60,1
Very High,1,1,57,Yes,No,112.75,60,1
Very Low,0,1,46,No,No,67,1,0
Very High,1,1,46,Yes,No,58.5,84,1
Very High,1,0,28,No,No,70.16999816894531,53,1
Fairly High,0,0,36,Yes,No,74.06999969482422,85,1
Fairly High,0,1,40,Yes,No,59.849998474121094,85,1
Very High,0,0,53,Yes,No,57.25,53,1
Very Low,0,0,19,Yes,No,46.349998474121094,86,0
Fairly Low,0,1,18,No,No,46.029998779296875,86,0
Very Low,0,0,38,Yes,No,45.08000183105469,86,0
Very Low,0,1,20,No,No,58.70000076293945,86,0
Very High,0,1,31,Yes,No,49.47999954223633,65,1
Very High,1,0,81,Yes,No,62.77000045776367,65,1
Very High,1,0,30,No,Yes,92.0999984741211,65,1
Average,1,1,80,Yes,No,91.029998779296875,21,0
Average,1,1,52,Yes,No,58.54999923706055,61,0
Average,0,0,41,No,No,50.54999923706055,61,0
Very High,1,0,49,Yes,No,81.6500015258789,61,1
Average,0,1,49,Yes,No,68.81999969482422,47,0
Fairly Low,0,1,21,No,No,59.72999954223633,72,0
Average,0,1,57,Yes,No,82.470001220703125,43,0
Fairly Low,0,1,39,No,No,103.9800033569336,43,0
Very Low,0,1,36,No,No,66.220001220703125,43,0
Very High,0,1,44,Yes,No,59.41999816894531,43,1
Fairly Low,0,1,26,No,No,93.7300033569336,43,0
Average,0,0,22,No,No,44.029998779296875,7,0
Average,0,1,79,Yes,No,51.279998779296875,7,0
Average,0,0,66,Yes,No,89.37999725341797,84,0
Very High,0,0,88,No,No,100.30000305175781,84,1
Fairly Low,0,1,38,Yes,No,62.029998779296875,84,0
Fairly High,0,1,25,Yes,No,47.06999969482422,7,1
Average,0,1,82,Yes,No,58.380001068115234,7,0
Average,0,0,27,No,No,39.529998779296875,7,0
Fairly Low,0,1,33,No,No,50.16999816894531,68,0
Fairly High,0,1,60,No,No,92.3499984741211,68,1
Very High,1,0,52,No,No,60.970001220703125,68,1
Average,1,0,24,Yes,Yes,56.45000076293945,53,0
Fairly High,0,0,76,Yes,No,129.0800018310547,53,1
Very High,1,0,65,Yes,No,110.0999984741211,53,1
Average,1,0,46,Yes,Yes,42.970001220703125,34,0
Very Low,0,0,73,Yes,No,71.279998779296875,53,0
Very Low,0,0,40,Yes,No,75.470001220703125,60,0
Fairly Low,0,1,56,Yes,No,49.369998931884766,7,0
Fairly Low,1,1,31,Yes,Yes,44.95000076293945,7,0
Fairly High,1,0,43,Yes,Yes,57.650001525878906,52,1
Average,0,0,77,Yes,No,92.2300033569336,52,0
Very High,1,0,66,Yes,No,129.17999267578125,52,1
Average,0,1,51,No,No,74.529998779296875,21,0
Very High,1,1,35,Yes,No,92.44999694824219,20,1
Fairly Low,0,0,70,Yes,No,74.5999984741211,20,0
Average,0,1,28,No,No,62.06999969482422,20,0
Average,0,1,33,Yes,No,53.630001068115234,20,0
Fairly High,0,1,52,No,No,61.29999923706055,25,1
Fairly High,1,0,47,No,Yes,69.279998779296875,24,1
Very High,1,0,67,Yes,No,57.900001525878906,24,1
Fairly High,0,1,24,No,No,89.87000274658203,24,1
Average,1,1,32,Yes,No,58.650001525878906,2,0
Fairly High,0,1,46,Yes,No,42.16999816894531,2,1
Fairly Low,1,1,34,Yes,No,36.72999954223633,32,0
Fairly Low,1,1,56,Yes,No,41.27000045776367,32,0
Fairly High,1,1,47,Yes,Yes,54.47999954223633,21,1
Very High,1,0,53,Yes,No,68,21,1
Average,1,1,59,Yes,No,67.12999725341797,34,0
Very High,1,1,48,Yes,Yes,77.16999816894531,6,1
Very High,1,1,43,Yes,No,52.97999954223633,6,1
Average,1,1,29,Yes,No,80.470001220703125,6,0
Very High,1,0,56,Yes,No,65.80000305175781,34,1
Fairly High,0,0,67,No,No,51.029998779296875,25,1
Average,0,1,70,No,No,57.119998931884766,25,0
Fairly High,1,0,46,No,No,44.720001220703125,25,1
Average,1,0,65,Yes,No,130.17999267578125,21,0
Fairly High,0,1,62,Yes,No,54.529998779296875,25,1
Very High,0,1,35,No,No,65.9800033569336,25,1
Fairly High,1,1,56,Yes,Yes,57.95000076293945,25,1
Very High,0,0,45,Yes,No,70.6500015258789,2,1
Very High,1,0,50,Yes,No,56.099998474121094,6,1
Very Low,0,1,53,Yes,No,55.619998931884766,87,0
Very High,1,1,53,Yes,No,111.19999694824219,87,1
Average,0,0,43,No,No,77.2300033569336,3,0
Fairly Low,0,1,56,Yes,No,71.529998779296875,3,0
Average,0,0,26,No,No,93,3,0
Fairly Low,0,1,33,Yes,No,59.5,3,0
Fairly High,0,1,32,Yes,No,68.779998779296875,3,1
Very High,0,0,54,Yes,No,82.029998779296875,3,1
Very High,0,1,67,Yes,No,69.720001220703125,7,1
Very High,0,0,49,Yes,No,85.5199966430664,27,1
Very High,1,0,55,Yes,No,57.08000183105469,27,1
Very High,1,0,25,No,Yes,54.849998474121094,27,1
Very Low,0,1,42,No,Yes,63.900001525878906,87,0
Fairly High,1,1,23,Yes,No,53.880001068115234,87,1
Fairly High,0,1,59,Yes,No,84.5199966430664,87,1
Average,0,1,75,Yes,No,90.37000274658203,87,0
Fairly High,0,1,79,Yes,No,139.5500030517578,3,1
Very High,0,0,36,No,No,88.779998779296875,87,1
Average,0,1,55,Yes,No,46.70000076293945,87,0
Very Low,1,0,23,Yes,No,41.33000183105469,87,0
Very Low,1,1,25,Yes,No,47.650001525878906,87,0
Average,0,1,43,Yes,No,64.30000305175781,87,0
Fairly Low,0,1,44,Yes,Yes,73.2300033569336,87,0
Fairly Low,0,1,84,No,No,60.54999923706055,38,0
Fairly High,1,0,38,Yes,No,74.1500015258789,5,1
Very Low,0,1,71,Yes,No,91.5999984741211,28,0
Fairly High,0,0,82,Yes,No,84.5999984741211,7,1
Average,1,0,37,Yes,Yes,99.75,4,0
Very High,1,0,83,Yes,No,96.4800033569336,6,1
Very High,1,1,57,Yes,No,34.380001068115234,28,1
Fairly Low,0,1,40,No,No,51.849998474121094,28,0
Very High,1,1,54,Yes,No,72.69999694824219,28,1
Very High,0,0,69,Yes,No,75.56999969482422,38,1
Fairly High,0,1,56,Yes,No,63.79999923706055,21,1
Average,0,0,41,Yes,No,56.369998931884766,9,0
Fairly High,0,1,21,Yes,No,49.02000045776367,9,1
Average,1,1,NA,Yes,No,86.58000183105469,9,0
Very High,0,0,30,No,No,58.58000183105469,63,1
Fairly Low,0,1,19,No,No,43,5,0
Very Low,0,1,53,No,No,53.869998931884766,88,0
Very High,1,0,36,Yes,Yes,59.900001525878906,88,1
Average,0,1,34,No,No,66.25,88,0
Very Low,0,1,37,No,No,53.47999954223633,88,0
Fairly High,1,0,56,Yes,Yes,58.08000183105469,88,1
Average,0,1,48,Yes,No,74.81999969482422,51,0
Fairly Low,0,1,60,Yes,Yes,64.25,51,0
Fairly High,1,1,35,Yes,No,59.47999954223633,53,1
Average,0,1,57,Yes,No,127.0199966430664,67,0
Very High,1,0,25,Yes,No,57.869998931884766,7,1
Average,0,0,41,No,No,62.279998779296875,7,0
Fairly Low,0,1,62,No,No,138.3800048828125,14,0
Fairly High,1,0,38,Yes,No,66.9800033569336,14,1
Average,0,0,27,Yes,No,154.3699951171875,14,0
Average,0,1,36,Yes,No,65.81999969482422,55,0
Fairly High,1,0,64,Yes,No,47.369998931884766,45,1
Average,1,1,56,Yes,No,70.0199966430664,45,0
Average,1,1,41,Yes,No,54.41999816894531,45,0
Very High,1,0,35,Yes,No,58.95000076293945,32,1
Average,1,1,42,Yes,Yes,56.529998779296875,32,0
Average,0,1,48,Yes,No,45.150001525878906,32,0
Fairly Low,0,1,44,Yes,No,46.529998779296875,32,0
Very High,0,0,38,Yes,Yes,198.25,89,1
Fairly High,0,1,59,Yes,No,98.5,89,1
Average,0,1,80,Yes,No,124.2699966430664,89,0
Fairly High,1,1,50,No,No,88.2300033569336,89,1
Fairly High,0,0,63,Yes,No,118.22000122070312,89,1
Average,0,1,47,Yes,Yes,62.279998779296875,89,0
Very High,0,0,42,Yes,No,50.79999923706055,89,1
Average,0,1,18,No,No,68,89,0
Fairly High,0,0,88,Yes,No,57.900001525878906,45,1
Fairly High,0,0,63,Yes,No,69.529998779296875,39,1
Very High,0,0,34,Yes,No,62.5,57,1
Very High,1,0,47,Yes,No,65.94999694824219,43,1
Fairly High,1,1,66,Yes,No,142.07000732421875,90,1
Very High,1,0,42,Yes,Yes,60.130001068115234,90,1
Fairly Low,0,1,27,No,No,42.06999969482422,90,0
Very High,0,1,34,No,No,47.119998931884766,91,1
Fairly Low,0,0,37,No,No,39.45000076293945,91,0
Very High,1,1,43,No,No,55.75,91,1
Very High,1,0,69,No,Yes,65.37999725341797,91,1
Very High,1,1,76,No,No,67.970001220703125,91,1
Very High,1,0,60,Yes,No,89.19999694824219,91,1
Very High,1,0,45,Yes,No,84.94999694824219,92,1
Average,0,0,73,Yes,Yes,71.4000015258789,92,0
Very High,0,0,46,No,No,121.5,16,1
Fairly Low,1,1,85,Yes,No,83.220001220703125,92,0
Average,0,1,34,No,No,65.94999694824219,92,0
Very Low,0,1,36,Yes,No,60.470001220703125,92,0
Fairly Low,0,0,29,No,No,72.19999694824219,92,0
Fairly High,0,0,82,Yes,No,66.5999984741211,92,1
Average,0,0,68,Yes,No,58.04999923706055,92,0
Average,1,0,27,No,No,57.95000076293945,92,0
Very High,0,0,58,Yes,No,69.75,83,1
Fairly High,0,1,49,Yes,No,112.7300033569336,83,1
Very High,1,0,33,Yes,No,47.27000045776367,83,1
Average,0,1,71,No,No,100.58000183105469,39,0
Average,0,1,65,No,No,90.68000030517578,39,0
Fairly Low,1,1,48,Yes,Yes,80.93000030517578,39,0
Average,0,1,20,No,No,55.720001220703125,39,0
Fairly Low,0,0,42,Yes,No,66.12999725341797,93,0
Very High,0,0,31,No,No,65,93,1
Fairly High,0,1,65,Yes,No,62.5,80,1
Average,1,0,38,Yes,No,51.20000076293945,80,0
Fairly High,1,0,72,Yes,No,95.56999969482422,80,1
Average,0,1,31,Yes,No,41.349998474121094,38,0
Fairly High,0,0,49,Yes,No,85.37000274658203,7,1
Fairly High,1,0,83,Yes,No,73.7699966430664,83,1
Average,1,1,55,Yes,Yes,87.55000305175781,41,0
Average,0,1,67,Yes,No,69.0199966430664,41,0
Fairly Low,1,1,23,Yes,No,57.22999954223633,41,0
Fairly Low,0,1,31,Yes,No,51.619998931884766,48,0
Average,0,0,49,Yes,No,104.91999816894531,48,0
Fairly Low,0,0,20,No,Yes,45.130001068115234,48,0
Average,0,0,79,Yes,No,68.779998779296875,48,0
Average,1,0,49,Yes,No,152.3699951171875,46,0
Average,0,0,37,Yes,No,60.04999923706055,46,0
Fairly Low,0,1,45,Yes,No,61.43000030517578,77,0
Fairly High,1,0,42,Yes,Yes,96.56999969482422,77,1
Fairly Low,0,0,53,Yes,No,60.68000030517578,88,0
Average,0,0,61,No,No,63.29999923706055,88,0
Fairly High,0,0,36,Yes,No,115.93000030517578,88,1
Average,0,1,28,Yes,No,51.22999954223633,53,0
Fairly High,0,0,28,No,No,55.45000076293945,63,1
Very High,1,0,26,No,No,56.81999969482422,63,1
Average,0,1,77,No,No,103.4000015258789,61,0
Very High,0,1,63,No,No,86.7699966430664,61,1
Fairly Low,0,0,59,No,No,52.31999969482422,50,0
Average,0,1,58,Yes,No,50.04999923706055,50,0
Average,0,1,19,Yes,No,66.5199966430664,50,0
Very Low,0,1,81,Yes,No,38.41999816894531,50,0
Fairly High,1,1,47,Yes,No,74.5,50,1
Very High,0,1,64,No,No,83.720001220703125,50,1
Fairly Low,0,1,22,Yes,No,40.970001220703125,50,0
Average,1,1,49,Yes,No,70.529998779296875,41,0
Fairly High,1,1,80,No,No,60.220001220703125,41,1
Average,0,1,70,Yes,No,61.06999969482422,41,0
Fairly High,1,0,53,Yes,No,76.4000015258789,46,1
Fairly Low,0,1,21,Yes,No,50.18000030517578,66,0
Average,0,0,74,No,No,69.279998779296875,66,0
Average,1,1,60,No,No,60.75,66,0
Average,0,0,40,Yes,No,64.56999969482422,39,0
Fairly High,0,0,57,Yes,No,68.31999969482422,39,1
Fairly High,1,0,31,Yes,No,59.70000076293945,1,1
Average,0,0,75,No,No,60.29999923706055,1,0
Fairly Low,0,0,64,No,No,89.66999816894531,70,0
Very High,1,0,47,Yes,No,61.130001068115234,70,1
Fairly High,0,0,55,Yes,No,68.220001220703125,70,1
Very High,0,0,55,Yes,No,79.2699966430664,38,1
Fairly Low,0,1,20,Yes,No,69.94999694824219,50,0
Fairly High,1,0,54,No,No,66.279998779296875,50,1
Average,1,0,39,Yes,No,58.04999923706055,64,0
Fairly Low,0,0,63,No,No,94.25,64,0
Fairly High,1,1,54,Yes,No,85.30000305175781,64,1
Average,0,1,88,Yes,No,67.8499984741211,49,0
Fairly High,0,0,93,Yes,No,49.75,49,1
Very Low,0,1,38,No,No,65,94,0
Very Low,0,1,56,No,No,90.93000030517578,94,0
Very High,1,0,49,Yes,Yes,88.87000274658203,94,1
Fairly High,1,1,23,Yes,No,73.9800033569336,94,1
Fairly Low,0,1,19,No,No,63.970001220703125,95,0
Fairly Low,0,1,33,No,Yes,62,95,0
Fairly Low,0,0,18,No,No,34.91999816894531,95,0
Average,0,0,64,No,No,59.72999954223633,95,0
Average,1,1,39,Yes,No,99.93000030517578,52,0
Fairly High,0,0,27,No,No,79.18000030517578,1,1
Average,0,1,68,Yes,No,51.04999923706055,1,0
Fairly Low,0,1,58,Yes,No,62.06999969482422,1,0
Average,0,1,43,Yes,No,44.220001220703125,96,0
Average,0,0,44,Yes,No,49.52000045776367,96,0
Average,0,1,40,Yes,No,52.099998474121094,96,0
Average,0,1,52,Yes,No,53.47999954223633,96,0
Average,0,1,39,Yes,No,75.56999969482422,45,0
Average,1,1,56,Yes,No,23.399999618530273,45,0
Very Low,0,0,29,No,No,64.31999969482422,45,0
Fairly Low,0,1,45,Yes,No,99.33000183105469,45,0
Average,0,1,40,No,No,61.529998779296875,86,0
Average,1,1,26,No,Yes,54.619998931884766,86,0
Very Low,0,0,21,No,No,77.41999816894531,86,0
Average,1,0,75,Yes,No,65.81999969482422,86,0
Average,1,1,34,No,No,59.279998779296875,97,0
Average,0,1,44,Yes,No,75.55000305175781,88,0
Very Low,0,1,19,No,No,67.5,88,0
Fairly Low,0,1,75,Yes,No,92.7699966430664,64,0
Very High,1,0,39,Yes,No,51.400001525878906,98,1
Fairly High,1,0,79,Yes,No,64.2300033569336,98,1
Average,0,1,63,Yes,No,73.5999984741211,98,0
Average,1,1,40,Yes,No,59.70000076293945,98,0
Average,0,0,52,No,No,63.630001068115234,75,0
Very Low,0,1,38,Yes,No,64.19999694824219,75,0
Fairly High,0,0,76,Yes,No,71.83000183105469,70,1
Average,0,1,76,Yes,No,85.029998779296875,70,0
Average,0,1,66,Yes,No,125.37999725341797,70,0
Average,0,0,35,No,Yes,98.31999969482422,70,0
Average,1,1,81,Yes,No,84.56999969482422,88,0
Fairly Low,1,1,24,No,No,47.58000183105469,72,0
Fairly Low,0,0,21,No,No,54.27000045776367,72,0
Average,0,1,75,Yes,No,74.529998779296875,47,0
Average,0,1,70,Yes,No,70.7699966430664,47,0
Fairly Low,0,1,57,Yes,No,83.2300033569336,47,0
Fairly High,0,1,74,Yes,No,80.83000183105469,68,1
Very Low,0,1,78,Yes,No,41.58000183105469,68,0
Average,1,1,47,Yes,No,70.87000274658203,68,0
Fairly Low,0,1,45,No,No,59.06999969482422,41,0
Average,0,1,61,Yes,No,54.79999923706055,41,0
Average,0,1,47,No,No,66.41999816894531,41,0
Very Low,0,0,32,No,No,57.97999954223633,41,0
Very Low,0,1,31,No,No,57.630001068115234,94,0
Fairly Low,0,0,62,Yes,No,71.8499984741211,53,0
Fairly High,0,1,34,Yes,No,55.66999816894531,53,1
Average,0,1,83,Yes,No,58.93000030517578,53,0
Average,1,0,28,No,No,52.380001068115234,54,0
Very High,1,0,45,Yes,No,56.849998474121094,45,1
Average,1,1,47,Yes,No,65.58000183105469,45,0
Fairly Low,0,0,40,Yes,No,79.83000183105469,45,0
Very Low,0,1,29,No,No,71.93000030517578,94,0
Fairly Low,0,1,58,Yes,No,91.9000015258789,58,0
Very High,1,1,37,Yes,No,78.279998779296875,58,1
Average,0,0,33,Yes,No,82.87000274658203,58,0
Very Low,0,0,20,Yes,No,55.029998779296875,58,0
Average,1,1,40,Yes,No,114.33000183105469,58,0
Fairly High,1,0,38,Yes,No,60.70000076293945,96,1
Fairly High,0,0,50,Yes,No,37.720001220703125,96,1
Average,1,1,37,No,Yes,65.2300033569336,53,0
Fairly Low,0,1,55,No,No,65.68000030517578,53,0
Average,0,0,58,Yes,Yes,65.83000183105469,53,0
Average,0,1,85,Yes,No,75.44999694824219,1,0
Fairly High,0,1,76,No,No,74.720001220703125,1,1
Very High,1,1,36,Yes,No,59.91999816894531,1,1
Fairly High,1,1,69,Yes,No,57.97999954223633,1,1
Fairly High,0,0,45,Yes,No,76.0999984741211,53,1
Fairly Low,0,0,77,Yes,No,105.93000030517578,53,0
Fairly High,1,0,48,Yes,No,53.43000030517578,66,1
Average,0,1,20,Yes,Yes,51.83000183105469,66,0
Fairly High,1,0,39,Yes,No,56.849998474121094,66,1
Average,0,1,49,No,No,56.18000030517578,66,0
Fairly Low,0,1,55,No,No,59.70000076293945,66,0
Fairly High,0,1,50,Yes,No,62.279998779296875,66,1
Average,0,1,79,Yes,No,64.9000015258789,68,0
Fairly Low,0,0,21,No,No,54.220001220703125,94,0
Very Low,0,1,46,No,No,63.83000183105469,70,0
Average,0,1,63,Yes,No,161.6699981689453,70,0
Fairly High,0,0,59,Yes,No,57.33000183105469,68,1
Fairly Low,0,0,33,Yes,No,50.41999816894531,73,0
Fairly High,1,1,48,Yes,Yes,64.5,73,1
Fairly High,1,1,40,Yes,No,52.04999923706055,73,1
Fairly High,1,1,57,Yes,No,79.220001220703125,89,1
Average,0,1,50,Yes,No,117,89,0
Average,1,1,29,No,Yes,83.06999969482422,53,0
Average,1,1,52,Yes,No,85.470001220703125,43,0
Fairly High,1,1,44,Yes,No,87.80000305175781,43,1
Fairly High,0,1,79,Yes,No,166.8000030517578,43,1
Fairly High,1,1,41,No,No,202.4199981689453,82,1
Average,1,1,36,No,Yes,96.6500015258789,82,0
Very Low,1,1,31,Yes,No,93.66999816894531,98,0
Fairly Low,0,1,20,No,No,75.12000274658203,98,0
Fairly High,0,1,80,Yes,No,96,99,1
Fairly High,0,1,36,No,No,66.12999725341797,48,1
Average,0,0,36,Yes,No,62.58000183105469,48,0
Average,1,0,81,No,No,72.2699966430664,48,0
Average,0,0,38,Yes,Yes,67.37000274658203,48,0
Fairly High,0,0,74,Yes,No,74.470001220703125,48,1
Very High,1,0,57,Yes,No,91.62999725341797,48,1
Fairly Low,0,1,20,Yes,Yes,85.55000305175781,50,0
Very High,1,1,44,Yes,No,63.869998931884766,61,1
Average,0,1,72,Yes,No,56.68000030517578,61,0
Very High,1,0,48,Yes,No,77.5,44,1
Fairly High,1,1,41,Yes,No,54.029998779296875,44,1
Fairly High,1,0,41,No,No,64.37999725341797,72,1
Average,0,1,31,Yes,No,60.970001220703125,55,0
Average,1,0,49,Yes,No,88.06999969482422,55,0
Very High,1,0,29,No,No,73.19999694824219,55,1
Fairly High,0,0,35,Yes,No,77.37999725341797,53,1
Average,0,1,21,Yes,Yes,60.119998931884766,53,0
Average,0,0,74,Yes,Yes,74.56999969482422,53,0
Fairly High,1,1,44,Yes,Yes,92.05000305175781,89,1
Fairly High,0,0,50,Yes,Yes,89.16999816894531,89,1
Average,0,0,89,No,No,67.16999816894531,66,0
Average,0,0,46,Yes,No,65.529998779296875,66,0
Fairly High,1,1,24,No,No,46.72999954223633,66,1
Fairly Low,0,0,85,Yes,No,63.33000183105469,1,0
Average,0,0,77,Yes,No,84.94999694824219,1,0
Fairly Low,0,1,25,No,No,53.81999969482422,86,0
Average,0,0,41,Yes,No,48.97999954223633,86,0
Average,0,1,25,No,No,41.66999816894531,86,0
Average,0,1,71,No,No,83.83000183105469,47,0
Average,0,1,29,No,No,60.47999954223633,47,0
Very Low,0,0,54,Yes,No,74.7300033569336,47,0
Average,0,1,53,Yes,Yes,59.099998474121094,50,0
Very High,0,1,54,Yes,No,82.08000183105469,50,1
Very High,1,0,65,Yes,No,61.75,50,1
Fairly High,1,1,39,Yes,No,58,45,1
Fairly Low,0,1,39,Yes,No,50.599998474121094,46,0
Very Low,0,0,21,No,No,58.54999923706055,46,0
Very Low,0,1,47,No,No,55.880001068115234,46,0
Average,0,0,35,Yes,No,44.52000045776367,5,0
Average,0,1,33,No,No,73.12000274658203,6,0
Average,1,1,34,Yes,Yes,83.80000305175781,6,0
Average,0,0,36,Yes,No,117.33000183105469,46,0
Fairly Low,0,1,NA,Yes,No,58.02000045776367,46,0
Fairly Low,0,1,49,Yes,No,97.1500015258789,68,0
Fairly High,0,1,39,Yes,No,92.06999969482422,56,1
Average,0,1,40,Yes,No,52.68000030517578,56,0
Fairly Low,0,0,28,No,No,58.970001220703125,98,0
Very High,1,0,76,Yes,No,82.5999984741211,98,1
Fairly Low,1,1,36,Yes,No,75.62999725341797,100,0
Fairly High,0,0,50,No,No,57.849998474121094,100,1
Average,0,1,65,Yes,No,60.619998931884766,100,0
Fairly High,0,1,54,Yes,No,72.83000183105469,100,1
Fairly High,0,1,47,Yes,No,69.0199966430664,98,1
Fairly Low,0,1,42,Yes,No,43.91999816894531,11,0
Average,0,1,44,Yes,No,84.1500015258789,75,0
Very High,1,0,30,No,No,63.150001525878906,48,1
Average,0,1,74,Yes,No,67.0999984741211,48,0
Fairly Low,0,1,48,Yes,No,82.529998779296875,60,0
Fairly High,0,1,30,No,No,65.12000274658203,6,1
Average,0,1,47,Yes,No,69.80000305175781,6,0
Very High,1,0,43,Yes,No,155.77999877929688,6,1
Average,1,0,38,Yes,Yes,96.31999969482422,101,0
Fairly High,1,1,52,Yes,No,123.93000030517578,101,1
Average,0,0,65,No,No,82.9800033569336,101,0
Fairly High,0,1,81,Yes,No,132.47000122070312,101,1
Fairly High,0,1,68,Yes,No,94.9000015258789,44,1
Average,0,1,69,Yes,No,45.93000030517578,44,0
Very High,0,0,51,Yes,Yes,98.06999969482422,90,1
Fairly Low,0,0,21,Yes,No,58.619998931884766,90,0
Very Low,0,0,36,Yes,No,54.70000076293945,43,0
Average,1,1,37,No,No,63.720001220703125,43,0
Very High,1,1,74,Yes,No,101.06999969482422,74,1
Fairly Low,0,1,69,Yes,No,80.05000305175781,39,0
Average,0,0,38,No,No,66.5199966430664,39,0
Fairly High,0,1,66,Yes,No,51.130001068115234,26,1
Average,1,1,30,Yes,No,53.91999816894531,26,0
Fairly High,1,1,62,Yes,No,75.30000305175781,26,1
Very High,1,1,41,Yes,No,71.529998779296875,6,1
Fairly Low,1,1,44,Yes,Yes,65.25,18,0
Very High,1,0,46,Yes,No,43.77000045776367,18,1
Average,1,1,47,No,No,81.779998779296875,18,0
Average,0,0,67,Yes,No,67.5999984741211,12,0
Average,0,1,24,No,No,50.130001068115234,12,0
Very High,1,1,46,Yes,No,82.5199966430664,17,1
Fairly High,1,1,60,Yes,No,60.599998474121094,17,1
Very Low,1,1,42,Yes,No,42.08000183105469,17,0
Fairly High,0,1,54,Yes,No,70.220001220703125,17,1
Fairly High,1,1,42,Yes,Yes,58.04999923706055,18,1
Very High,1,0,66,Yes,No,66.87999725341797,18,1
Fairly High,1,0,49,Yes,Yes,60.54999923706055,12,1
Very Low,0,1,55,No,No,48.22999954223633,17,0
Fairly Low,0,0,22,No,No,56.81999969482422,17,0
Very High,0,1,51,Yes,No,57.93000030517578,17,1
Fairly High,1,0,37,Yes,No,67.06999969482422,77,1
Average,1,0,42,Yes,No,54.220001220703125,3,0
Average,0,1,38,Yes,No,78.91999816894531,3,0
Fairly High,0,1,38,No,No,76.31999969482422,3,1
Fairly Low,0,0,36,No,No,72.30000305175781,87,0
Very High,1,1,44,Yes,No,110.43000030517578,53,1
Very High,0,1,56,Yes,Yes,30.270000457763672,53,1
Fairly Low,0,1,80,Yes,No,125.12000274658203,70,0
Average,1,1,30,Yes,No,68.41999816894531,70,0
Very High,1,1,44,Yes,Yes,71.62000274658203,72,1
Fairly Low,0,1,19,No,No,45.630001068115234,72,0
Fairly High,1,1,54,No,No,71.81999969482422,72,1
Fairly Low,0,1,19,Yes,No,49.45000076293945,72,0
Very High,1,0,60,Yes,No,69.37999725341797,72,1
Fairly High,1,1,38,Yes,No,53.81999969482422,72,1
Fairly High,0,0,63,Yes,No,88.029998779296875,68,1
Fairly High,1,1,35,No,Yes,58.25,53,1
Fairly Low,0,0,50,No,No,94.8499984741211,48,0
Average,1,1,30,Yes,No,58.06999969482422,48,0
Average,0,1,87,Yes,No,92.44999694824219,61,0
Average,0,0,62,Yes,No,75.83000183105469,61,0
Average,1,0,65,Yes,No,128.89999389648438,67,0
Fairly High,1,1,69,Yes,No,121.5999984741211,67,1
Average,0,1,61,No,No,100.1500015258789,39,0
Fairly High,0,0,57,No,No,79.56999969482422,39,1
Very Low,1,1,56,Yes,No,55.72999954223633,46,0
Average,1,0,42,Yes,No,76.529998779296875,46,0
Average,1,0,41,Yes,Yes,72.43000030517578,46,0
Average,1,1,37,Yes,No,58.380001068115234,52,0
Fairly Low,1,1,30,Yes,Yes,48.83000183105469,52,0
Fairly Low,1,0,31,No,No,59.75,52,0
Very High,1,1,54,Yes,Yes,78.1500015258789,45,1
Fairly High,0,1,51,Yes,No,70.05000305175781,45,1
Fairly High,1,1,59,Yes,No,79.9000015258789,45,1
Fairly High,1,0,34,Yes,No,57.18000030517578,66,1
Average,0,0,39,Yes,No,53.72999954223633,66,0
Average,0,1,57,Yes,No,70.9800033569336,66,0
Fairly High,1,0,26,No,No,48.81999969482422,66,1
Average,0,1,32,No,No,62.150001525878906,66,0
Fairly High,1,1,51,Yes,No,101.87999725341797,89,1
Fairly High,0,0,74,Yes,No,116.05000305175781,102,1
Very High,0,0,69,Yes,No,114.68000030517578,89,1
Average,0,0,48,No,Yes,107.41999816894531,46,0
Fairly High,1,1,59,Yes,No,110.66999816894531,46,1
Very High,1,0,24,Yes,No,80.91999816894531,89,1
Average,1,1,34,No,No,134.3000030517578,89,0
Average,1,0,41,Yes,No,91.66999816894531,89,0
Fairly High,0,0,42,Yes,No,75.4800033569336,89,1
Fairly Low,0,1,60,No,No,71.779998779296875,76,0
Fairly High,0,0,32,Yes,No,81.75,76,1
Very High,1,0,33,Yes,No,91.93000030517578,76,1
Fairly High,1,0,36,Yes,No,50.79999923706055,62,1
Average,0,1,39,Yes,Yes,69.41999816894531,62,0
Average,0,0,42,Yes,No,47.779998779296875,62,0
Very High,1,0,75,Yes,No,66.08000183105469,62,1
Very High,1,0,50,Yes,No,57.380001068115234,51,1
Fairly High,1,0,40,Yes,No,115.44999694824219,51,1
Average,1,1,34,No,No,75.69999694824219,80,0
Average,1,0,26,No,No,56.16999816894531,80,0
Very High,0,1,56,Yes,No,88.87999725341797,80,1
Average,1,1,25,Yes,Yes,52.029998779296875,52,0
Fairly High,1,0,38,No,Yes,87.3499984741211,52,1
Average,1,0,62,Yes,No,74.41999816894531,46,0
Fairly High,1,0,47,Yes,No,69.68000030517578,46,1
Average,0,0,33,No,Yes,40.529998779296875,50,0
Fairly High,1,0,59,Yes,No,87.94999694824219,50,1
Fairly High,0,1,46,Yes,No,47.5,50,1
Fairly High,0,0,26,No,No,52.150001525878906,50,1
Fairly Low,0,0,39,No,No,51.22999954223633,50,0
Fairly Low,0,1,21,No,Yes,50.43000030517578,72,0
Very Low,1,1,34,No,Yes,59.43000030517578,72,0
Fairly High,0,0,37,No,No,65.37999725341797,72,1
Average,0,0,68,Yes,No,67.83000183105469,47,0
Fairly Low,0,1,32,No,No,69.470001220703125,47,0
Very High,1,0,44,Yes,No,60.599998474121094,47,1
Fairly Low,0,1,19,Yes,No,54.279998779296875,47,0
Average,0,0,72,Yes,No,55.75,73,0
Fairly High,1,1,45,Yes,No,60.5,73,1
Very High,1,0,47,Yes,No,77.37999725341797,73,1
Very Low,0,1,21,No,No,55.20000076293945,72,0
Fairly Low,1,0,73,Yes,No,66.25,59,0
Fairly High,0,1,67,No,No,92.06999969482422,59,1
Very High,1,1,61,Yes,No,82.0999984741211,47,1
Fairly High,1,1,61,Yes,Yes,120.58000183105469,69,1
Very High,1,1,48,Yes,No,108.75,69,1
Fairly High,0,1,78,Yes,No,76.87999725341797,1,1
Fairly Low,0,0,37,Yes,No,77.93000030517578,1,0
Fairly Low,0,1,29,No,Yes,116.8499984741211,77,0
Fairly Low,0,1,82,Yes,No,81.68000030517578,77,0
Very High,1,1,77,Yes,No,84.5999984741211,78,1
Very High,0,0,79,Yes,No,111.06999969482422,78,1
Fairly Low,0,0,44,Yes,Yes,109.2300033569336,58,0
Very High,1,1,37,Yes,No,135.6300048828125,58,1
Fairly Low,0,0,51,Yes,No,69.18000030517578,58,0
Very Low,0,1,53,Yes,No,116.81999969482422,58,0
Average,0,1,64,Yes,No,74.83000183105469,66,0
Average,0,1,28,No,No,92.12000274658203,67,0
Very High,1,0,23,No,Yes,125.18000030517578,71,1
Very High,1,1,31,No,No,104.5999984741211,71,1
Fairly Low,1,1,31,No,No,58.43000030517578,71,0
Fairly High,1,0,66,Yes,No,56.029998779296875,96,1
Very High,1,0,59,Yes,No,74.06999969482422,96,1
Average,0,0,46,No,No,64.7300033569336,94,0
Very High,1,0,37,Yes,Yes,70.2699966430664,78,1
Average,1,1,24,No,No,67.87000274658203,78,0
Very High,0,0,44,Yes,No,61.529998779296875,78,1
Fairly High,1,0,57,Yes,No,87.0999984741211,78,1
Average,0,0,82,Yes,No,99.87000274658203,78,0
Average,0,1,58,Yes,No,52.349998474121094,78,0
Average,1,1,54,Yes,Yes,63.81999969482422,78,0
Fairly Low,1,0,57,No,No,99.43000030517578,78,0
Fairly High,1,1,51,Yes,Yes,51.81999969482422,62,1
Very High,0,1,45,Yes,No,51.880001068115234,38,1
Very High,1,0,30,Yes,No,41.08000183105469,38,1
Fairly Low,0,1,28,Yes,Yes,60.08000183105469,38,0
Fairly Low,0,1,24,No,No,69.3499984741211,60,0
Fairly Low,0,1,61,Yes,No,51.849998474121094,60,0
Fairly High,1,0,51,Yes,No,63.900001525878906,60,1
Average,1,0,70,Yes,No,85.87000274658203,71,0
Average,0,1,77,Yes,No,109.81999969482422,99,0
Very High,0,0,42,No,No,78.6500015258789,75,1
Very Low,0,1,20,Yes,No,43.599998474121094,45,0
Very Low,0,1,26,No,No,60.18000030517578,43,0
Average,0,0,43,No,No,85.5199966430664,77,0
Average,1,1,26,Yes,No,65.9000015258789,77,0
Very Low,0,0,25,No,No,62.04999923706055,43,0
Very High,0,0,22,No,No,65.06999969482422,43,1
Fairly High,1,0,63,Yes,No,49.58000183105469,50,1
Average,0,1,47,Yes,No,54.22999954223633,76,0
Average,0,1,46,Yes,No,81.94999694824219,76,0
Very High,1,0,38,Yes,No,140.3699951171875,89,1
Fairly High,0,1,37,Yes,No,91.25,89,1
Fairly High,0,0,34,Yes,Yes,48.81999969482422,89,1
Very Low,0,1,23,No,No,42.31999969482422,5,0
Fairly Low,0,0,43,No,No,118.44999694824219,14,0
Average,0,0,52,Yes,No,128.72000122070312,14,0
Fairly Low,0,1,57,Yes,No,40.47999954223633,29,0
Average,0,0,44,Yes,No,52,29,0
Average,0,0,37,No,No,51.349998474121094,29,0
Very High,0,0,45,Yes,No,58.04999923706055,59,1
Average,0,1,49,No,No,58.099998474121094,59,0
Average,0,0,26,Yes,Yes,44.31999969482422,52,0
Average,1,1,32,No,No,50.619998931884766,59,0
Average,0,0,36,No,No,54.79999923706055,59,0
Fairly High,1,1,52,Yes,No,99.529998779296875,46,1
Fairly High,0,1,26,No,No,48.650001525878906,88,1
Very High,1,1,59,Yes,No,65.62000274658203,88,1
Fairly High,1,1,60,Yes,No,63.08000183105469,88,1
Very High,1,0,57,Yes,Yes,97.91999816894531,52,1
Average,0,1,69,Yes,No,57.06999969482422,52,0
Fairly Low,0,0,20,No,No,37.08000183105469,52,0
Fairly High,1,0,23,No,Yes,76.5199966430664,52,1
Fairly High,0,1,54,No,Yes,55,52,1
Fairly High,0,0,35,Yes,No,49.27000045776367,33,1
Fairly High,1,0,35,Yes,Yes,50.529998779296875,33,1
Average,1,1,25,No,Yes,89.3499984741211,14,0
Fairly Low,0,1,40,Yes,No,47.08000183105469,33,0
Average,1,1,72,Yes,No,58.97999954223633,33,0
Very High,1,0,53,Yes,No,61.279998779296875,33,1
Average,0,0,68,Yes,No,57.66999816894531,16,0
Fairly High,0,1,26,No,No,49.470001220703125,38,1
Average,0,0,73,Yes,No,70.220001220703125,17,0
Fairly High,0,1,46,Yes,No,45.02000045776367,17,1
Very High,0,1,51,Yes,No,100.12000274658203,17,1
Fairly High,0,0,43,No,No,83.16999816894531,17,1
Fairly Low,0,1,41,No,No,62.18000030517578,11,0
Average,1,0,24,No,No,41.849998474121094,11,0
Fairly High,0,0,54,Yes,Yes,47.349998474121094,11,1
Fairly High,1,1,41,Yes,Yes,60.16999816894531,11,1
Average,0,1,22,No,No,39.56999969482422,38,0
Average,0,0,49,No,No,78.91999816894531,92,0
Fairly High,1,0,33,Yes,No,34.119998931884766,45,1
Fairly High,1,0,41,Yes,No,66.58000183105469,45,1
Fairly High,1,1,38,Yes,No,63.099998474121094,45,1
Fairly High,0,1,NA,Yes,No,57.849998474121094,45,1
Very High,1,1,44,Yes,No,67.720001220703125,45,1
Average,1,0,42,Yes,No,62.43000030517578,69,0
Very High,1,1,36,Yes,Yes,57.599998474121094,47,1
Fairly Low,0,0,31,No,No,53.20000076293945,47,0
Very High,0,0,50,Yes,No,56.77000045776367,47,1
Very Low,0,1,54,No,No,54.75,47,0
Very Low,0,0,24,Yes,No,40.529998779296875,5,0
Very Low,0,0,19,No,No,41.470001220703125,5,0
Very High,1,0,38,Yes,No,64.62999725341797,5,1
Average,0,0,82,Yes,No,73.9000015258789,54,0
Average,0,0,48,Yes,No,62.470001220703125,54,0
Average,1,1,25,Yes,No,104.08000183105469,14,0
Average,0,1,24,Yes,No,41.220001220703125,103,0
Fairly High,0,1,43,Yes,No,22.1200008392334,103,1
Fairly High,1,1,54,Yes,No,53.58000183105469,24,1
Very High,1,0,26,Yes,No,63.900001525878906,24,1
Very High,1,0,52,Yes,No,83.05000305175781,24,1
Very High,1,0,84,No,No,81.62999725341797,92,1
Average,0,1,64,No,No,83.75,92,0
Fairly High,1,0,31,No,No,58.720001220703125,92,1
Fairly High,0,1,57,Yes,No,57.720001220703125,25,1
Fairly Low,1,0,35,No,No,81.470001220703125,24,0
Average,0,1,42,Yes,No,56.04999923706055,25,0
Fairly Low,0,1,39,No,No,55.369998931884766,24,0
Average,1,1,41,Yes,Yes,59.529998779296875,24,0
Fairly High,1,1,47,No,Yes,65.80000305175781,25,1
Fairly Low,1,0,27,Yes,Yes,40,32,0
Very Low,1,1,43,Yes,No,36.529998779296875,32,0
Average,1,0,29,No,No,39.68000030517578,32,0
Fairly Low,1,1,58,Yes,Yes,45.75,32,0
Average,1,1,49,No,Yes,61.45000076293945,32,0
Very Low,0,0,32,No,No,41.68000030517578,32,0
Very Low,0,0,39,No,No,41.04999923706055,32,0
Average,0,0,58,No,No,58.349998474121094,32,0
Fairly Low,0,1,33,No,No,49.81999969482422,75,0
Very High,1,0,27,No,No,87.80000305175781,75,1
Very High,1,0,27,No,No,54.08000183105469,11,1
Fairly High,1,0,48,Yes,No,50.099998474121094,11,1
Fairly Low,0,1,26,No,No,46.95000076293945,11,0
Very High,1,0,58,Yes,No,61.119998931884766,11,1
Fairly High,1,0,37,Yes,No,75.9000015258789,53,1
Average,0,1,53,Yes,No,65.56999969482422,53,0
Average,0,1,42,Yes,No,85.16999816894531,48,0
Average,0,0,28,No,No,77.720001220703125,48,0
Fairly Low,0,0,35,No,No,64.37999725341797,14,0
Fairly High,1,0,47,Yes,No,85,14,1
Average,1,1,37,No,No,181.72999572753906,14,0
Fairly Low,0,1,60,Yes,No,196.3300018310547,9,0
Average,0,1,51,Yes,No,45.56999969482422,9,0
Average,0,1,42,No,No,50.380001068115234,53,0
Fairly Low,0,1,58,Yes,No,49.16999816894531,12,0
Fairly Low,0,1,74,Yes,No,59.33000183105469,12,0
Fairly High,1,1,40,Yes,Yes,77.12999725341797,12,1
Average,0,0,30,Yes,No,63.349998474121094,66,0
Fairly Low,0,1,18,Yes,No,42.16999816894531,66,0
Very High,1,1,40,No,No,66.91999816894531,85,1
Average,0,1,96,Yes,No,103.16999816894531,85,0
Very High,0,0,79,No,No,59.099998474121094,103,1
Fairly High,1,1,50,Yes,Yes,98.43000030517578,77,1
Average,1,0,39,No,No,55.16999816894531,77,0
Fairly Low,1,1,48,Yes,No,56.70000076293945,1,0
Fairly Low,0,1,36,No,No,45.150001525878906,23,0
Fairly Low,1,1,36,Yes,No,48.18000030517578,23,0
Fairly Low,0,0,19,Yes,No,35.47999954223633,23,0
Fairly High,1,0,52,Yes,No,56.41999816894531,23,1
Average,0,0,73,Yes,No,42.650001525878906,83,0
Fairly High,1,1,43,Yes,Yes,66.91999816894531,83,1
Very High,1,1,48,Yes,Yes,55.93000030517578,83,1
Very High,1,1,78,Yes,No,92.37000274658203,83,1
Average,0,0,36,Yes,No,66.18000030517578,83,0
Average,0,1,73,Yes,No,60.47999954223633,104,0
Very High,0,1,NA,No,Yes,50.029998779296875,104,1
Fairly Low,0,1,50,No,No,56.20000076293945,104,0
Average,0,1,36,Yes,Yes,52.650001525878906,104,0
Very High,1,1,44,Yes,Yes,62.66999816894531,104,1
Average,1,0,29,No,No,77.779998779296875,74,0
Very High,1,0,56,Yes,No,82.9800033569336,74,1
Fairly High,1,1,42,No,No,65.87999725341797,53,1
Fairly High,0,0,80,No,No,64.9000015258789,100,1
Fairly High,0,1,40,No,No,111.06999969482422,100,1
Fairly High,0,1,48,Yes,No,103.43000030517578,58,1
Fairly High,1,1,53,Yes,No,89.720001220703125,58,1
Fairly Low,0,0,25,Yes,No,61.79999923706055,58,0
Very Low,0,0,35,No,No,50.119998931884766,78,0
Average,0,0,74,Yes,No,68,1,0
Fairly High,1,0,30,No,No,74.0999984741211,83,1
Average,0,1,34,No,No,57.369998931884766,45,0
Fairly Low,0,1,33,Yes,No,64.5,45,0
Average,0,1,48,Yes,No,85.25,45,0
Fairly Low,0,1,25,No,No,45.650001525878906,52,0
Fairly High,1,0,30,No,No,46.33000183105469,52,1
Very High,1,0,27,Yes,Yes,72.6500015258789,6,1
Fairly High,1,0,27,No,Yes,64.08000183105469,52,1
Very Low,0,0,23,No,No,37.79999923706055,52,0
Average,0,0,46,Yes,No,72.62999725341797,66,0
Fairly High,1,1,42,Yes,No,62.650001525878906,77,1
Fairly Low,1,0,39,Yes,No,54.93000030517578,68,0
Very Low,0,1,64,No,No,45.099998474121094,68,0
Fairly High,0,0,34,No,No,61.83000183105469,68,1
Average,0,1,70,Yes,No,68.2300033569336,65,0
Fairly High,0,1,76,Yes,No,63.779998779296875,65,1
Fairly Low,0,0,50,Yes,No,36.06999969482422,29,0
Fairly Low,0,1,41,Yes,No,64.529998779296875,18,0
Very Low,1,1,25,No,No,54.54999923706055,18,0
Fairly High,0,1,29,Yes,No,56.02000045776367,30,1
Average,0,1,72,Yes,No,63.349998474121094,30,0
Very Low,0,1,62,No,No,71.19999694824219,30,0
Fairly Low,0,0,30,No,No,49.41999816894531,18,0
Fairly Low,0,1,19,No,No,58.56999969482422,18,0
Very High,1,0,45,Yes,Yes,71.9000015258789,18,1
Average,0,0,38,Yes,No,52.880001068115234,25,0
Fairly High,1,0,22,No,No,50.66999816894531,21,1
Fairly High,1,0,27,Yes,No,58.900001525878906,21,1
Average,0,1,58,Yes,No,50.25,21,0
Fairly High,1,0,31,Yes,No,50.5,21,1
Fairly High,0,0,37,Yes,Yes,156.02999877929688,82,1
Average,1,1,35,Yes,No,71.2699966430664,22,0
Average,0,0,37,Yes,No,56.72999954223633,79,0
Very High,0,0,57,Yes,No,73.62999725341797,38,1
Average,1,1,31,No,No,33.81999969482422,38,0
Fairly High,0,1,47,Yes,Yes,66.12999725341797,7,1
Fairly High,1,0,33,Yes,No,55,7,1
Average,1,1,42,Yes,No,59.599998474121094,7,0
Very High,1,0,64,No,No,69.18000030517578,7,1
Very High,1,1,50,Yes,Yes,76.18000030517578,7,1
Average,0,0,52,No,No,68,7,0
Very High,1,1,31,No,Yes,61.02000045776367,27,1
Very High,1,0,47,No,No,66.1500015258789,27,1
Very Low,0,1,95,No,No,89.9800033569336,77,0
Average,0,0,35,Yes,No,77.2300033569336,77,0
Fairly High,1,0,51,No,No,78.58000183105469,64,1
Very Low,0,0,36,No,No,57.81999969482422,64,0
Very High,1,0,57,Yes,No,89.83000183105469,64,1
Average,1,0,27,No,No,67.19999694824219,64,0
Fairly Low,0,0,45,No,No,49.77000045776367,64,0
Fairly High,0,1,43,Yes,No,88.33000183105469,48,1
Average,1,1,50,Yes,No,48.91999816894531,64,0
Fairly Low,0,1,18,Yes,No,46.08000183105469,57,0
Very High,0,0,44,Yes,No,78.81999969482422,57,1
Average,0,0,52,Yes,No,90.69999694824219,57,0
Very High,1,0,53,Yes,No,89.69999694824219,57,1
Fairly Low,0,1,40,No,No,48.45000076293945,64,0
Very High,1,1,53,Yes,Yes,92.720001220703125,64,1
Average,0,0,38,No,No,82.56999969482422,64,0
Fairly High,1,1,71,Yes,No,197.64999389648438,64,1
Very High,1,1,61,Yes,No,71.66999816894531,24,1
Very High,1,1,30,No,No,73.58000183105469,24,1
Fairly High,1,0,48,Yes,Yes,68.18000030517578,24,1
Fairly High,1,0,40,Yes,No,76.30000305175781,1,1
Fairly High,0,0,73,Yes,No,49.619998931884766,1,1
Fairly High,1,1,86,Yes,No,106.6500015258789,1,1
Fairly High,0,0,34,Yes,Yes,49.400001525878906,66,1
Average,0,0,41,Yes,No,50.650001525878906,68,0
Fairly High,0,1,69,No,No,89.33000183105469,68,1
Very High,1,1,46,Yes,No,80.25,26,1
Very High,1,0,33,No,Yes,110.5999984741211,14,1
Very Low,0,0,92,Yes,No,74.970001220703125,10,0
Very High,1,0,42,Yes,No,58.52000045776367,15,1
Fairly High,0,1,57,Yes,Yes,67.43000030517578,15,1
Very Low,0,1,81,Yes,No,54.400001525878906,10,0
Fairly High,0,1,24,No,No,58.45000076293945,10,1
Very Low,0,0,51,Yes,No,48.779998779296875,10,0
Fairly Low,0,1,18,Yes,No,49.720001220703125,10,0
Fairly Low,0,1,59,No,No,58.43000030517578,10,0
Fairly Low,0,1,44,No,No,66.7300033569336,15,0
Fairly High,1,0,43,Yes,No,47.83000183105469,30,1
Fairly High,1,1,53,Yes,Yes,48.529998779296875,30,1
Fairly Low,0,1,22,No,No,41.95000076293945,30,0
Fairly Low,1,0,38,Yes,No,42.68000030517578,30,0
Fairly High,1,0,76,Yes,No,51.91999816894531,8,1
Fairly High,1,0,55,Yes,No,74.58000183105469,8,1
Fairly High,1,1,49,Yes,No,91.41999816894531,8,1
Average,0,1,25,No,No,57.619998931884766,8,0
Average,0,0,37,Yes,No,47.91999816894531,8,0
Fairly High,1,1,42,Yes,Yes,49.880001068115234,8,1
Fairly Low,0,1,97,Yes,No,45.5,8,0
Fairly High,0,0,58,Yes,No,74.5999984741211,8,1
Fairly High,0,0,66,Yes,No,77,8,1
Average,0,0,56,Yes,No,104.5199966430664,58,0
Average,0,1,19,Yes,No,47.95000076293945,33,0
Fairly High,0,0,56,Yes,No,76.62000274658203,33,1
Average,1,1,48,Yes,Yes,58.130001068115234,33,0
Very Low,0,1,39,Yes,No,51.41999816894531,33,0
Average,0,0,28,Yes,No,65.81999969482422,33,0
Fairly High,1,1,46,Yes,No,56.29999923706055,33,1
Fairly High,0,0,33,Yes,Yes,76.62000274658203,33,1
Fairly High,1,0,50,No,No,58.27000045776367,33,1
Fairly High,1,1,44,Yes,No,59.81999969482422,39,1
Fairly High,1,0,40,No,No,63.869998931884766,39,1
Fairly High,1,0,28,Yes,No,58.970001220703125,39,1
Fairly High,0,0,21,Yes,No,69.8499984741211,89,1
Very High,1,0,45,Yes,No,64.80000305175781,5,1
Fairly Low,0,1,25,No,Yes,44.400001525878906,5,0
Average,1,0,22,No,No,52.900001525878906,73,0
Average,0,0,22,No,No,40.150001525878906,73,0
Very Low,0,1,81,Yes,No,63.619998931884766,5,0
Fairly High,0,1,18,Yes,No,49.599998474121094,63,1
Fairly High,0,1,53,Yes,No,66.25,21,1
Fairly Low,0,0,45,No,No,63.650001525878906,21,0
Fairly High,0,0,56,Yes,No,77.41999816894531,21,1
Fairly Low,0,1,39,No,Yes,46.5,21,0
Average,0,1,22,Yes,No,48.22999954223633,87,0
Average,1,0,56,Yes,No,57.720001220703125,87,0
Average,0,1,69,Yes,No,56.04999923706055,87,0
Average,0,0,20,Yes,No,42.869998931884766,87,0
Fairly Low,0,1,21,Yes,No,45.18000030517578,87,0
Very High,0,0,63,Yes,No,51.95000076293945,27,1
Average,1,1,37,No,No,66.87000274658203,87,0
Very Low,0,0,35,No,No,49.16999816894531,87,0
Average,1,1,39,Yes,No,51.869998931884766,105,0
Fairly High,0,0,41,Yes,No,48.20000076293945,105,1
Fairly High,1,0,73,Yes,No,89.5,105,1
Fairly High,1,1,82,Yes,No,75.720001220703125,105,1
Very High,1,0,47,Yes,No,42.58000183105469,105,1
Very High,1,0,44,Yes,No,50.20000076293945,105,1
Very High,0,1,58,Yes,No,82.56999969482422,105,1
Average,1,1,27,Yes,No,40.869998931884766,105,0
Fairly High,0,1,66,Yes,No,52.599998474121094,105,1
Average,0,1,21,No,No,70.68000030517578,105,0
Fairly Low,0,1,39,No,No,72.18000030517578,97,0
Fairly Low,0,1,87,Yes,No,41.529998779296875,31,0
Average,0,1,57,Yes,No,62.16999816894531,43,0
Very Low,0,1,33,No,No,53.779998779296875,43,0
Very High,1,0,30,No,No,65.81999969482422,43,1
Fairly High,1,0,65,No,No,61.29999923706055,106,1
Very Low,0,0,26,No,No,38.45000076293945,68,0
Fairly Low,0,1,28,Yes,No,71.69999694824219,76,0
Very High,0,0,66,Yes,No,53.72999954223633,31,1
Very High,1,1,58,Yes,No,72.19999694824219,31,1
Fairly Low,0,0,26,No,No,52.880001068115234,30,0
Fairly High,0,1,38,No,No,88.93000030517578,31,1
Fairly Low,1,0,NA,No,No,58.380001068115234,30,0
Very High,1,1,35,Yes,No,59.369998931884766,44,1
Fairly High,0,1,50,Yes,No,56.47999954223633,23,1
Average,0,1,35,No,No,39.81999969482422,86,0
Average,0,1,39,Yes,No,117.69999694824219,86,0
Average,0,0,55,Yes,No,61.630001068115234,86,0
Average,0,1,63,Yes,No,47.97999954223633,86,0
Fairly Low,0,0,73,Yes,No,72.19999694824219,86,0
Average,0,1,73,Yes,No,70.33000183105469,86,0
Average,0,1,91,Yes,No,90.6500015258789,86,0
Fairly High,0,1,52,Yes,No,83.66999816894531,26,1
Average,0,0,46,Yes,No,45.54999923706055,26,0
Average,0,1,28,No,No,60.77000045776367,26,0
Average,0,1,54,No,Yes,56.54999923706055,26,0
Very High,0,0,33,Yes,No,59.70000076293945,26,1
Fairly High,0,0,58,Yes,No,46.33000183105469,26,1
Fairly High,1,0,32,Yes,No,51.18000030517578,26,1
Average,1,1,40,Yes,No,56.91999816894531,26,0
Very High,1,0,38,No,No,65.75,26,1
Fairly High,1,1,41,No,Yes,49.31999969482422,26,1
Fairly High,1,1,32,No,No,66.06999969482422,26,1
Very High,0,1,43,Yes,No,73.80000305175781,26,1
Average,0,0,41,Yes,No,52.400001525878906,26,0
Fairly High,1,1,32,Yes,Yes,58.900001525878906,26,1
Average,0,0,58,Yes,No,58.04999923706055,26,0
Fairly Low,0,1,61,No,No,96.7699966430664,82,0
Very High,1,0,52,Yes,No,52.41999816894531,82,1
Very High,0,0,69,No,No,211.14999389648438,82,1
Fairly Low,0,0,44,No,No,88.58000183105469,46,0
Very Low,1,0,52,Yes,No,50.650001525878906,46,0
Fairly Low,0,0,70,Yes,Yes,83.9800033569336,70,0
Fairly Low,0,1,38,No,No,42.02000045776367,88,0
Very Low,0,1,25,No,No,56.119998931884766,88,0
Average,0,1,35,Yes,No,35.43000030517578,29,0
Very High,1,0,33,Yes,No,49.099998474121094,29,1
Fairly High,1,0,51,Yes,No,48.68000030517578,29,1
Very High,1,0,32,Yes,No,62.599998474121094,29,1
Average,1,1,23,Yes,No,53.97999954223633,29,0
Average,1,1,38,No,Yes,55.43000030517578,29,0
Fairly High,1,1,27,Yes,Yes,48.20000076293945,29,1
Fairly Low,0,0,38,No,Yes,39.22999954223633,29,0
Fairly High,0,0,46,Yes,No,65,14,1
Average,1,0,24,No,No,71.83000183105469,14,0
Fairly Low,0,1,27,No,Yes,103.5999984741211,107,0
Average,0,0,48,Yes,No,50.619998931884766,44,0
Fairly High,1,1,26,No,Yes,57.75,44,1
Average,1,1,30,Yes,No,48.58000183105469,44,0
Average,1,0,40,No,No,81.05000305175781,9,0
Fairly Low,1,1,42,Yes,No,152.0800018310547,9,0
Fairly Low,0,1,38,No,Yes,44.150001525878906,12,0
Fairly High,1,1,41,Yes,No,56.349998474121094,12,1
Average,0,0,57,Yes,No,52.45000076293945,12,0
Fairly High,1,1,50,Yes,Yes,60.619998931884766,12,1
Average,0,0,20,No,No,58.75,74,0
Fairly High,1,0,73,Yes,No,97.87000274658203,74,1
Very High,1,0,41,Yes,No,92.62000274658203,74,1
Very High,1,0,54,Yes,No,80.220001220703125,74,1
Fairly High,0,1,44,Yes,Yes,121.8499984741211,85,1
Fairly High,1,1,39,Yes,No,79.93000030517578,3,1
Average,0,1,46,No,No,79.55000305175781,3,0
Fairly High,0,0,52,No,No,127.62999725341797,3,1
Average,0,1,83,Yes,No,63.22999954223633,3,0
Fairly High,0,1,37,No,No,91.33000183105469,3,1
Fairly High,0,0,28,No,No,88.18000030517578,24,1
Fairly High,1,0,37,Yes,No,89.55000305175781,24,1
Average,0,1,72,No,No,57.06999969482422,24,0
Average,0,0,42,Yes,No,58.119998931884766,24,0
Average,0,1,59,Yes,No,107.87999725341797,24,0
Fairly High,1,0,40,No,No,55.66999816894531,24,1
Very High,1,1,54,Yes,No,71.43000030517578,24,1
Fairly Low,0,1,48,Yes,No,100.81999969482422,82,0
Very High,1,0,39,Yes,No,74.58000183105469,82,1
Average,0,0,37,Yes,No,136.92999267578125,82,0
Very High,0,0,31,Yes,No,45.79999923706055,108,1
Very High,1,0,37,Yes,No,41.349998474121094,108,1
Fairly Low,0,1,18,Yes,No,59.81999969482422,108,0
Very High,1,0,63,Yes,No,68.25,108,1
Very High,1,0,78,Yes,No,82.33000183105469,108,1
Fairly High,1,0,24,Yes,No,48.529998779296875,108,1
Fairly Low,0,0,33,No,No,55.77000045776367,108,0
Average,0,1,21,No,No,51.349998474121094,108,0
Fairly Low,0,1,22,No,No,39.880001068115234,108,0
Fairly High,0,1,35,Yes,Yes,56.25,108,1
Fairly Low,1,1,30,No,Yes,41.599998474121094,108,0
Average,0,1,34,Yes,No,76.31999969482422,84,0
Very High,1,1,61,No,Yes,57.400001525878906,84,1
Very High,0,0,23,No,No,63.70000076293945,71,1
Very High,1,1,48,Yes,Yes,65.66999816894531,96,1
Average,0,1,80,Yes,No,75.41999816894531,62,0
Average,1,1,57,No,Yes,83.37999725341797,54,0
Average,0,1,37,Yes,No,60.22999954223633,96,0
Very High,1,0,32,Yes,Yes,74.0999984741211,75,1
Fairly High,0,0,80,Yes,No,74.279998779296875,75,1
Very Low,1,0,20,No,No,65.7699966430664,63,0
Average,1,0,25,No,Yes,49.43000030517578,95,0
Average,0,0,21,No,No,45.45000076293945,95,0
Fairly High,1,0,36,No,No,60.70000076293945,95,1
Fairly High,1,1,72,Yes,No,137.02999877929688,6,1
Fairly High,1,0,45,Yes,No,81.66999816894531,16,1
Very High,1,0,58,Yes,No,67,81,1
Very High,1,1,50,Yes,No,102.2300033569336,81,1
Fairly High,1,1,45,Yes,No,61.16999816894531,81,1
Average,0,1,65,Yes,No,51.779998779296875,81,0
Very High,1,0,50,Yes,Yes,68.8499984741211,81,1
Very High,1,0,37,No,No,57.619998931884766,28,1
Very Low,0,1,50,Yes,No,35.33000183105469,28,0
Fairly Low,0,1,57,Yes,No,74.529998779296875,48,0
Average,0,0,49,Yes,No,41.470001220703125,28,0
Very High,1,1,41,Yes,No,79.75,80,1
Fairly Low,1,1,44,Yes,No,53.880001068115234,80,0
Fairly High,1,1,42,Yes,No,58.06999969482422,80,1
Fairly High,1,0,32,Yes,No,52.779998779296875,80,1
Average,1,1,31,Yes,Yes,61.68000030517578,80,0
Average,0,1,73,Yes,No,74.779998779296875,92,0
Average,0,1,44,No,No,88.470001220703125,4,0
Fairly High,1,1,37,Yes,No,50.93000030517578,4,1
Average,1,1,46,Yes,No,60.22999954223633,4,0
Fairly High,0,0,30,No,No,62.33000183105469,4,1
Fairly High,0,0,56,Yes,No,71.16999816894531,4,1
Very High,0,0,35,No,No,63.93000030517578,4,1
Average,1,1,34,No,No,56.16999816894531,4,0
Fairly Low,0,1,75,Yes,No,54.599998474121094,4,0
Fairly High,1,1,75,No,No,79.8499984741211,4,1
Average,1,0,48,Yes,No,65.5199966430664,4,0
Very High,1,0,62,Yes,No,73,18,1
Fairly Low,1,0,46,Yes,Yes,116.0999984741211,29,0
Fairly Low,1,1,44,No,No,63.77000045776367,53,0
Fairly High,1,0,33,Yes,No,47.95000076293945,53,1
Very High,1,0,34,No,No,63.27000045776367,53,1
Fairly High,0,0,61,No,No,50.95000076293945,53,1
Very Low,0,1,89,Yes,No,75.58000183105469,53,0
Fairly Low,1,1,28,Yes,No,67.4000015258789,53,0
Average,0,0,63,Yes,No,40.52000045776367,32,0
Average,0,0,27,No,No,32.869998931884766,32,0
Fairly Low,1,1,34,Yes,No,41.220001220703125,32,0
Fairly Low,0,1,41,No,No,43.54999923706055,28,0
Very High,0,0,50,Yes,No,41.47999954223633,28,1
Very High,1,1,48,Yes,Yes,34.099998474121094,28,1
Average,0,1,27,No,No,62.029998779296875,40,0
Average,0,1,36,No,No,66.08000183105469,40,0
Average,1,0,64,Yes,No,73.2300033569336,40,0
Fairly High,0,1,64,Yes,No,60.119998931884766,40,1
Very High,1,0,51,Yes,No,88.43000030517578,40,1
Average,0,0,68,Yes,No,52.650001525878906,40,0
Average,1,1,35,No,Yes,55.779998779296875,40,0
Average,0,0,60,No,No,70.5199966430664,40,0
Very Low,0,1,28,No,No,47.52000045776367,40,0
Very Low,1,0,26,No,No,67.08000183105469,40,0
Fairly Low,0,0,50,No,No,43.97999954223633,90,0
Very High,1,1,44,Yes,No,41.279998779296875,91,1
Average,0,1,42,No,No,67.62000274658203,84,0
Very High,1,1,56,No,No,69.5199966430664,84,1
Average,0,1,52,No,No,35.04999923706055,91,0
Very High,0,0,71,Yes,No,79.1500015258789,84,1
Very High,0,1,40,No,No,56.779998779296875,91,1
Very Low,0,1,26,Yes,No,56.47999954223633,71,0
Very High,1,0,37,No,Yes,64.81999969482422,22,1
Very High,1,0,55,Yes,No,95.0199966430664,22,1
Very High,0,1,73,Yes,No,51.380001068115234,22,1
Fairly Low,0,1,39,No,No,47.16999816894531,22,0
Very High,1,0,43,Yes,No,50.79999923706055,22,1
Average,0,0,21,No,No,50.54999923706055,22,0
Average,0,0,32,Yes,No,46.43000030517578,82,0
Average,1,1,53,Yes,No,69.1500015258789,82,0
Very High,1,0,39,No,Yes,44.02000045776367,72,1
Very High,1,1,60,Yes,No,104.2699966430664,100,1
Very High,1,0,50,Yes,No,68.9000015258789,100,1
Average,0,0,45,Yes,No,133.42999267578125,100,0
Fairly High,0,1,37,Yes,No,49.119998931884766,70,1
Very High,0,1,51,Yes,Yes,59,92,1
Very High,1,1,48,Yes,Yes,43.72999954223633,92,1
Average,0,1,79,No,No,41.22999954223633,92,0
Average,0,1,44,No,No,53.43000030517578,70,0
Fairly Low,0,0,30,No,Yes,63.970001220703125,70,0
Fairly Low,0,0,24,Yes,No,64.05000305175781,6,0
Fairly High,1,0,49,Yes,No,78.4800033569336,6,1
Fairly Low,0,1,80,Yes,No,49.04999923706055,6,0
Fairly Low,0,1,19,No,No,47.45000076293945,6,0
Very High,0,0,40,Yes,No,90.43000030517578,6,1
Fairly Low,0,1,71,Yes,No,53.52000045776367,6,0
Very High,1,1,36,Yes,No,76.970001220703125,6,1
Average,0,1,22,No,No,70.31999969482422,42,0
Fairly High,1,0,43,Yes,No,59.720001220703125,42,1
Very High,1,1,28,No,No,61.22999954223633,17,1
Fairly Low,0,0,50,Yes,No,55.79999923706055,21,0
Fairly High,0,0,38,Yes,No,82.62999725341797,17,1
Very Low,0,1,20,Yes,No,41.43000030517578,21,0
Average,0,0,53,Yes,No,69.93000030517578,21,0
Fairly High,1,1,78,Yes,No,82.91999816894531,42,1
Fairly High,0,0,85,No,No,75.720001220703125,42,1
Fairly Low,0,0,22,No,No,58.650001525878906,75,0
Fairly Low,0,1,68,Yes,No,64.43000030517578,75,0
Fairly Low,1,1,51,No,No,108.8499984741211,75,0
Fairly High,0,1,23,Yes,No,52.470001220703125,42,1
Average,1,1,35,Yes,No,100.25,14,0
Fairly High,1,1,51,Yes,No,44.29999923706055,63,1
Fairly High,0,1,46,No,No,50.900001525878906,59,1
Fairly High,0,0,37,No,No,82.37000274658203,59,1
Average,0,0,54,Yes,No,53.400001525878906,8,0
Fairly High,1,0,56,Yes,No,38.97999954223633,8,1
Fairly High,1,0,39,Yes,No,72.8499984741211,16,1
Average,0,1,57,Yes,No,107.87000274658203,16,0
Average,1,1,35,No,No,52.400001525878906,64,0
Fairly Low,0,1,65,Yes,No,45.099998474121094,6,0
Very High,1,0,55,Yes,No,80.12999725341797,6,1
Very High,0,0,23,No,No,59.75,6,1
Fairly Low,1,1,24,No,Yes,46.369998931884766,6,0
Average,1,0,30,No,No,53,16,0
Very Low,0,1,34,Yes,No,47.279998779296875,16,0
Very High,1,1,57,No,No,55.869998931884766,38,1
Average,1,1,27,Yes,No,145.8699951171875,10,0
Fairly Low,0,0,37,Yes,No,55.779998779296875,10,0
Fairly High,1,0,42,No,No,58.400001525878906,10,1
Fairly High,1,1,46,Yes,No,52.150001525878906,98,1
Fairly High,0,1,55,Yes,No,68.62999725341797,67,1
Fairly Low,1,1,54,Yes,No,50.900001525878906,94,0
Fairly High,1,0,63,Yes,No,63.81999969482422,94,1
Very High,1,1,69,Yes,No,100.44999694824219,94,1
Average,1,1,63,Yes,No,78.029998779296875,94,0
Very High,0,0,47,Yes,No,92.87000274658203,94,1
Fairly High,1,1,29,No,No,44.18000030517578,72,1
Fairly Low,1,1,25,No,No,49.279998779296875,78,0
Fairly High,1,0,54,Yes,No,52.349998474121094,78,1
Very High,1,1,27,No,No,25.579999923706055,91,1
Fairly Low,0,0,54,No,No,65.83000183105469,22,0
Average,0,0,43,No,No,34.650001525878906,22,0
Very Low,0,1,20,Yes,No,41.599998474121094,22,0
Average,0,0,48,Yes,No,43.54999923706055,22,0
Average,1,1,63,Yes,No,50.68000030517578,22,0
Very High,1,0,40,No,No,57.599998474121094,22,1
Average,1,1,22,Yes,No,53.16999816894531,92,0
Fairly High,1,1,40,No,No,41.70000076293945,22,1
Fairly High,1,0,62,Yes,No,90.529998779296875,82,1
Fairly High,0,1,20,Yes,No,103.83000183105469,85,1
Fairly High,0,0,48,No,No,101.77999877929688,48,1
Fairly High,1,0,34,Yes,No,76.58000183105469,98,1
Fairly High,0,0,55,No,No,98.93000030517578,76,1
Fairly High,1,0,48,Yes,No,47.369998931884766,89,1
Average,0,0,58,Yes,No,45.650001525878906,95,0
Average,0,0,20,No,No,49.06999969482422,95,0
Average,0,0,50,Yes,No,58.97999954223633,21,0
Average,0,0,36,Yes,No,66,21,0
Fairly Low,0,1,93,Yes,No,59.68000030517578,21,0
Very High,0,0,49,Yes,No,46.849998474121094,21,1
Very High,0,1,56,Yes,No,80.5,89,1
Fairly Low,0,1,61,Yes,No,87.69999694824219,89,0
Fairly High,0,1,64,Yes,No,92.69999694824219,89,1
Very Low,0,0,59,Yes,No,95.66999816894531,43,0
Fairly High,1,1,90,Yes,No,131.3800048828125,43,1
Fairly Low,0,1,32,Yes,Yes,63.650001525878906,43,0
Fairly High,0,1,49,Yes,No,69.0199966430664,43,1
Very High,1,1,53,Yes,No,98.91999816894531,43,1
Very Low,0,1,65,No,No,53.25,51,0
Very Low,0,1,40,No,No,55,51,0
Average,0,1,35,No,No,46.119998931884766,51,0
Fairly Low,0,1,73,Yes,No,84.80000305175781,51,0
Fairly High,0,0,60,Yes,No,78.58000183105469,25,1
Average,0,0,84,Yes,No,67.31999969482422,5,0
Average,0,1,37,Yes,No,42,5,0
Fairly Low,1,1,27,Yes,No,49.68000030517578,5,0
Average,0,0,39,No,No,41.779998779296875,109,0
Very High,1,0,42,Yes,No,94.2300033569336,6,1
Very High,1,0,37,No,No,76.68000030517578,6,1
Fairly Low,0,1,60,No,No,66.87000274658203,61,0
Fairly Low,0,0,71,Yes,No,42.33000183105469,109,0
Average,1,0,38,No,No,48.31999969482422,109,0
Average,1,1,42,Yes,No,39.08000183105469,109,0
Average,1,1,33,Yes,No,39.52000045776367,109,0
Fairly Low,0,0,28,Yes,No,45.900001525878906,109,0
Fairly Low,0,1,29,No,No,39,109,0
Fairly Low,0,1,67,Yes,No,50.5,109,0
Fairly Low,0,0,32,Yes,No,40.41999816894531,109,0
Average,1,1,47,No,Yes,56.52000045776367,109,0
Average,1,1,33,Yes,No,46.47999954223633,109,0
Very Low,0,0,83,No,No,36.43000030517578,109,0
Average,0,1,36,No,No,45.43000030517578,109,0
Average,1,1,40,Yes,No,41.04999923706055,109,0
Fairly Low,1,1,38,No,No,54.43000030517578,109,0
Average,0,1,41,Yes,Yes,43.81999969482422,109,0
Fairly High,0,1,45,Yes,No,40.349998474121094,109,1
Average,0,1,63,Yes,No,49.099998474121094,109,0
Fairly Low,0,0,50,Yes,No,42.630001068115234,109,0
Average,0,1,88,No,No,70.2699966430664,109,0
Very High,0,1,79,Yes,No,65.08000183105469,92,1
Very Low,0,1,29,No,No,36.380001068115234,92,0
Very High,1,0,57,Yes,No,76.81999969482422,6,1
Fairly Low,0,0,69,No,No,65.029998779296875,110,0
Average,0,0,39,No,Yes,47.83000183105469,109,0
Average,0,0,27,Yes,Yes,50.83000183105469,109,0
Fairly Low,0,1,60,No,No,54.93000030517578,110,0
Fairly Low,1,1,31,Yes,No,68.75,4,0
Average,0,0,65,Yes,No,68.81999969482422,88,0
Fairly Low,0,0,38,No,No,72.029998779296875,70,0
Fairly High,1,0,55,Yes,No,64.6500015258789,9,1
Fairly High,1,0,53,Yes,Yes,46.41999816894531,44,1
Average,0,1,43,Yes,No,44.970001220703125,78,0
Average,0,1,73,Yes,No,84.81999969482422,78,0
Average,0,1,53,Yes,No,78.8499984741211,61,0
Very High,0,0,61,Yes,No,53.75,25,1
Fairly Low,0,1,59,Yes,No,57.279998779296875,18,0
Average,0,0,57,Yes,No,41.869998931884766,34,0
Fairly Low,0,1,56,Yes,No,38,34,0
Fairly High,1,0,28,No,Yes,76.37999725341797,34,1
Average,1,1,53,Yes,No,52.099998474121094,34,0
Average,0,0,29,Yes,No,55.33000183105469,34,0
Fairly Low,0,0,45,Yes,No,53.33000183105469,34,0
Fairly Low,0,0,38,Yes,No,63.5,34,0
Fairly High,1,0,37,Yes,No,56.849998474121094,21,1
Fairly High,1,1,48,No,No,47.22999954223633,22,1
Fairly High,1,0,47,Yes,No,58.650001525878906,7,1
Fairly High,1,0,35,No,No,77.75,7,1
Fairly High,1,1,42,Yes,Yes,48.56999969482422,7,1
Very High,0,0,44,No,No,72.31999969482422,17,1
Fairly Low,0,1,58,Yes,No,61.849998474121094,17,0
Fairly High,0,1,49,Yes,No,57.31999969482422,111,1
Average,1,0,32,Yes,No,72.80000305175781,67,0
Very High,0,0,68,Yes,No,92.93000030517578,67,1
Fairly Low,0,1,39,Yes,No,58.58000183105469,67,0
Average,0,1,41,No,No,76.05000305175781,67,0
Average,0,0,40,No,No,61.220001220703125,67,0
Fairly Low,0,1,22,No,No,103.9000015258789,67,0
Fairly High,1,1,76,No,No,79.220001220703125,67,1
Average,1,1,44,No,Yes,56.400001525878906,84,0
Very High,1,0,49,Yes,No,57.08000183105469,111,1
Very High,0,0,68,Yes,No,115.25,111,1
Fairly High,0,1,31,No,Yes,59.04999923706055,111,1
Very High,0,0,68,Yes,Yes,70.87999725341797,111,1
Very High,1,0,60,Yes,No,84.05000305175781,111,1
Very High,1,0,32,No,No,59.20000076293945,111,1
Average,1,1,32,Yes,Yes,55.119998931884766,111,0
Fairly High,0,0,23,No,No,63.95000076293945,111,1
Fairly High,0,0,32,No,Yes,56.220001220703125,111,1
Very Low,0,0,45,No,No,39.22999954223633,111,0
Fairly Low,0,0,66,Yes,No,19,110,0
Fairly High,1,1,25,No,No,61.02000045776367,111,1
Fairly High,0,1,75,Yes,No,98.30000305175781,14,1
Fairly High,1,1,NA,Yes,No,55.369998931884766,110,1
Fairly High,1,1,44,No,No,39.93000030517578,110,1
Fairly High,1,1,30,Yes,No,63.41999816894531,110,1
Fairly High,1,1,49,Yes,Yes,56.599998474121094,110,1
Fairly Low,0,0,50,Yes,No,65,110,0
Fairly High,1,0,29,Yes,No,73.720001220703125,56,1
Average,1,1,27,Yes,No,49.029998779296875,56,0
Average,0,1,55,Yes,No,116.55000305175781,56,0
Very High,0,0,45,Yes,No,65.06999969482422,56,1
Fairly High,1,0,78,Yes,No,94.31999969482422,92,1
Fairly Low,0,1,55,No,No,44.400001525878906,92,0
Very High,0,1,42,Yes,No,28.8799991607666,91,1
Very High,1,1,42,No,No,37.58000183105469,91,1
Fairly High,0,1,47,No,No,37.599998474121094,91,1
Fairly High,0,0,45,No,No,39.349998474121094,91,1
Very High,0,0,28,Yes,No,63.79999923706055,49,1
Fairly Low,0,0,42,Yes,No,42.72999954223633,49,0
Very High,0,0,39,Yes,No,87.80000305175781,49,1
Very High,1,0,39,Yes,No,55.43000030517578,49,1
Fairly High,0,1,33,Yes,No,75,49,1
Very High,0,1,20,No,No,62.18000030517578,49,1
Very High,1,1,72,Yes,No,94.06999969482422,49,1
Very High,0,0,22,Yes,No,63.70000076293945,49,1
Very High,0,0,34,Yes,No,70.55000305175781,49,1
Very High,0,0,34,Yes,No,69.12999725341797,49,1
Very High,0,0,32,Yes,No,98.80000305175781,49,1
Very High,0,0,42,Yes,No,78.18000030517578,49,1
Fairly Low,0,1,40,No,No,74.3499984741211,89,0
Very Low,1,0,39,Yes,No,44.52000045776367,4,0
Average,0,1,74,Yes,No,65.279998779296875,112,0
Very High,1,0,36,No,No,53.93000030517578,4,1
Fairly Low,0,1,73,Yes,No,53.54999923706055,4,0
Average,1,0,36,Yes,No,74.12000274658203,4,0
Fairly Low,0,1,39,Yes,No,51.77000045776367,4,0
Fairly Low,0,0,42,No,No,54.04999923706055,4,0
Average,1,1,56,Yes,No,71.31999969482422,4,0
Very High,1,1,28,No,No,60.31999969482422,4,1
Fairly Low,1,1,41,Yes,No,53.130001068115234,4,0
Fairly High,0,0,38,No,No,59.45000076293945,4,1
Fairly Low,1,0,33,No,Yes,77.970001220703125,4,0
Average,0,1,78,No,No,87.75,4,0
Average,1,0,57,Yes,No,56.27000045776367,4,0
Fairly Low,0,0,58,No,No,94.62999725341797,46,0
Average,0,0,56,Yes,No,79.43000030517578,46,0
Average,1,0,44,Yes,No,106.55000305175781,89,0
Average,0,1,88,No,No,50.97999954223633,38,0
Fairly Low,0,1,28,No,No,61.119998931884766,38,0
Fairly High,1,1,28,No,No,47.970001220703125,113,1
Average,1,0,23,No,No,67.529998779296875,113,0
Fairly High,1,1,36,No,No,50.18000030517578,114,1
Fairly High,1,1,70,Yes,No,103.68000030517578,114,1
Very High,0,0,45,No,No,78.1500015258789,114,1
Average,1,1,47,Yes,No,57.099998474121094,114,0
Average,0,0,46,No,No,53.5,114,0
Fairly High,1,1,37,Yes,No,50.47999954223633,115,1
Average,0,0,84,Yes,No,66.75,115,0
Very Low,0,1,38,No,No,57.650001525878906,115,0
Fairly Low,0,1,20,No,No,45.369998931884766,115,0
Average,1,0,36,No,No,61.650001525878906,60,0
Fairly High,1,0,48,Yes,No,67.220001220703125,60,1
Very High,0,1,51,Yes,No,44.02000045776367,104,1
Average,0,1,52,No,Yes,44.66999816894531,104,0
Fairly Low,0,0,31,Yes,No,127.2300033569336,14,0
Average,0,1,58,Yes,No,98.5,14,0
Average,0,0,23,No,No,81.25,14,0
Very High,1,1,36,Yes,No,59.52000045776367,104,1
Fairly High,0,1,73,Yes,No,91.80000305175781,104,1
Average,0,1,62,Yes,No,55.52000045776367,61,0
